station_id,n_bins,true_mean,pred_no_imd_mean,pred_imd_mean,true_total,pred_no_imd_total,pred_imd_total,fold
30200.0,11989,2.9322712486445908,2.1685418238224097,2.7339115823591307,35155,25998.647925806872,32776.86596090362,1
31005.0,13821,1.9824180594747125,2.180240930462936,1.6503108316807058,27399,30133.109899928237,22808.946004659036,1
31006.0,12566,1.7749482731179373,2.184150222778658,1.4370158722538207,22304,27446.03169943662,18057.54145074151,1
31009.0,7189,1.4673807205452776,2.186257183454623,1.9504232070609375,10549,15717.002891855283,14021.59243556108,1
31012.0,4875,1.321846153846154,2.234299680074929,1.80252101649908,6444,10892.210940365278,8787.289955433014,1
31014.0,13114,1.9416653957602563,2.171093362900235,2.6008685154974365,25463,28471.718361073683,34107.78971223338,1
31025.0,7973,1.4861407249466951,2.25086621615162,1.3868999872780776,11849,17946.156341376867,11057.753598568113,1
31028.0,4621,1.2893313135684916,2.231214151986958,1.6475210792009736,5958,10310.440596331733,7613.194906987699,1
31029.0,8630,1.4640787949015064,2.189893683707121,2.591126395118633,12635,18898.782490392452,22361.420789873802,1
31030.0,11902,1.5882204671483784,2.127869331941369,1.7830204391835736,18903,25325.900788766176,21221.50926716289,1
31036.0,5549,1.335195530726257,2.2112513938902265,1.4927680221145956,7409,12270.233984696868,8283.36975471389,1
31038.0,6914,1.3581139716517212,2.2210950199292396,1.318956044948296,9390,15356.650967790762,9119.262094772519,1
31048.0,5629,1.3497957008349617,2.239742228109322,1.5847038318115347,7598,12607.509002027375,8920.29786926713,1
31051.0,5549,1.2996936384934223,2.149133364270343,1.9606523392189612,7212,11925.541038336134,10879.659830326016,1
31055.0,5277,1.3628955846124693,2.209831338613323,2.5048710160163377,7192,11661.279973862505,13218.204351518214,1
31061.0,2888,1.189404432132964,2.118668221207864,1.3156696508737884,3435,6118.713822848312,3799.653951723501,1
31066.0,3167,1.3002841806125671,2.2322850044900227,1.7497485036200622,4118,7069.646609219902,5541.453510964737,1
31071.0,14094,2.022633744855967,2.1662141596078937,2.067522533297259,28507,30530.622365513653,29139.662584291567,1
31077.0,10704,2.0071935724962633,2.1923292166558896,1.7687316718753137,21485,23466.691935084644,18932.503815753356,1
31083.0,4696,1.350511073253833,2.2420766754659893,1.333753988282514,6342,10528.792067988286,6263.308728974685,1
31086.0,5482,1.377417001094491,2.2430890406825945,1.326876077299641,7551,12296.614121021983,7273.934655756632,1
31091.0,8749,1.4783403817579153,2.147322226128296,1.4024366889358033,12934,18786.92215639646,12269.918591499343,1
31092.0,4829,1.295713398219093,2.2614856633552574,1.1975563572696015,6257,10920.714268342537,5782.999649254905,1
31096.0,4424,1.2264918625678118,2.150079585570084,1.4114096975200552,5426,9511.95208656205,6244.076501828724,1
31098.0,9157,1.5130501255869826,2.1535581719795043,1.466847254780426,13855,19720.13218081632,13431.920312024362,1
31100.0,10433,2.3489887855842038,2.2232534746800523,2.3580615417376496,24507,23195.203501336986,24601.6560649489,1
31101.0,26905,5.2661958743727935,1.993663383596361,2.297321551274053,141687,53639.51333566009,61809.43633702839,1
31108.0,23732,3.92621776504298,2.056006538318663,1.6338904609366949,93177,48793.147167378505,38775.488418949644,1
31116.0,23480,3.6028109028960817,2.0420542336787975,2.272283255098551,84594,47947.43340677816,53353.21082971398,1
31117.0,22410,3.0865684962070503,2.012489756402334,2.2673194168348947,69170,45099.89544097631,50810.62813126999,1
31132.0,23260,3.082201203783319,2.0411585210219236,2.2378903623381308,71692,47477.34719896994,52053.32982798492,1
31137.0,12274,1.9430503503340395,2.1166203415010334,1.2629910558139232,23849,25979.398071583684,15501.952219060093,1
31209.0,17664,2.7223165760869565,2.1004394560723396,1.707664917444619,48087,37102.16255206181,30164.193101741752,1
31212.0,24128,3.7475132625994694,2.0438033644965357,2.085656575528613,90420,49312.88757857241,50322.72185435437,1
31213.0,21176,3.5807517944843217,2.0933729256616544,2.158143636114364,75826,44329.26507381119,45700.84963835777,1
31214.0,24881,4.320847232828262,2.0378771616707976,2.9286351154863994,107507,50704.421659531115,72867.3703084171,1
31226.0,17076,2.2711993441086906,2.1149966034911087,1.3153069631111907,38783,36115.682001214176,22460.18170208669,1
31233.0,18427,3.3172518586856246,2.1235560932538045,2.188862775253244,61127,39130.768130387856,40334.17435959153,1
31235.0,9770,2.8410440122824974,2.255686417830821,3.712074528209738,27757,22038.05630220712,36266.96814060914,1
31241.0,25310,3.4795732911892534,1.9973466926336054,2.5811520327945807,88068,50552.844790556555,65328.95795003084,1
31242.0,13047,3.1762090902123092,2.186868548121834,2.6585613330781928,41440,28532.073947345572,34686.24971267118,1
31247.0,18389,6.2587960193594,2.148594347289891,1.9309897489493975,115093,39510.50145231381,35508.97049343047,1
31255.0,16841,2.235674841161451,2.134689630006759,2.6356822189272773,37651,35950.30805894383,44387.52424895428,1
31279.0,12254,2.806267341276318,2.187067381374293,2.7077894321759612,34388,26800.323691360583,33181.251701884226,1
31281.0,25898,4.300679589157464,2.007770047631738,2.195931678075053,111379,51997.22869356675,56870.23859878771,1
31287.0,11438,2.7364049659031298,2.239165906865865,2.3440196560818585,31299,25611.579642731762,26810.8968262643,1
31299.0,21770,3.122416169039963,2.0795461662644388,2.252227003782265,67975,45271.72003957683,49030.98187233991,1
31300.0,13075,1.7447036328871892,2.167849715002236,1.2350640123403442,22812,28344.635023654235,16148.46196135,1
31303.0,14709,1.9341899517302332,2.1302218096377366,1.220829591574195,28450,31333.432597961466,17957.182462464832,1
31305.0,13508,1.712762807225348,2.1471194398674065,1.4281643673043531,23136,29003.289393728926,19291.6442735472,1
31310.0,11787,1.5667260541274286,2.14143501594448,1.3321180302579145,18467,25241.094532937583,15701.67522265004,1
31312.0,20950,3.1929355608591887,2.0933072428792263,1.5070033367132434,66892,43854.78673831979,31571.71990414245,1
31321.0,15198,4.265956046848269,2.186163780101637,2.926852995606714,64834,33225.31712998468,44482.31182723084,1
31322.0,5572,1.381191672648959,2.236239549910097,1.261760401572594,7696,12460.32677209906,7030.528957562494,1
31381.0,261,1.1685823754789273,2.2486983860046093,1.3093351208839679,305,586.910278747203,341.7364665507156,1
31386.0,822,1.1399026763990268,2.275142926343105,1.2131595790468206,937,1870.1674854540324,997.2171739764866,1
31394.0,3920,1.3303571428571428,2.162393978687835,1.3392401380436967,5215,8476.584396456314,5249.821341131291,1
31411.0,11158,1.5398816992292526,2.118959413048352,1.3443856761689523,17182,23643.34913079351,15000.65537469317,1
31416.0,6590,1.3869499241274659,2.187689147575661,1.2149492554212964,9140,14416.871482523604,8006.515593226343,1
31424.0,8094,1.523597726711144,2.130939688081356,1.4431919069289099,12332,17247.825835330495,11681.195294682597,1
31506.0,23581,3.151774733895933,2.0234803228516602,1.924211028833152,74322,47715.689493164995,45374.820270914555,1
31508.0,7784,1.4776464542651593,2.1978256090324746,2.091683040725104,11502,17107.87454070878,16281.66078900421,1
31511.0,8920,1.49304932735426,2.207450421813735,1.573224146637245,13318,19690.457762578517,14033.159388004226,1
31516.0,13452,1.6993012191495689,2.126159628648834,1.9710460668676941,22859,28601.099324584113,26514.51169150422,1
31523.0,12469,1.8655866549041624,2.144328117577547,1.8059093991106394,23262,26737.627298074432,22517.88429751056,1
31525.0,8477,1.5093783178011089,2.196224112681853,1.7716147191266924,12795,18617.391803204067,15017.977974036972,1
31533.0,19179,3.247406016997758,2.0606706463716415,2.450614351990477,62282,39521.60232676171,47000.33265682536,1
31536.0,17003,2.743104158089749,2.0633052248464585,2.6243414751727716,46641,35082.37873806433,44621.67810236264,1
31540.0,14939,2.4528415556596825,2.072762428835551,2.627623207935957,36643,30964.997924374296,39254.06310335526,1
31541.0,7719,1.5661355097810596,2.186300141229612,1.363014921702946,12089,16876.050790151377,10521.11218062504,1
31543.0,1865,1.1485254691689009,2.2272301533497845,1.3640821535496015,2142,4153.784235997348,2544.013216370007,1
31601.0,11938,1.7159490701960127,2.1818182066863465,1.4043369258868947,20485,26046.545751421603,16764.97422123775,1
31604.0,20624,2.6564197051978278,2.0829367398426437,2.003445565085665,54786,42958.48732251469,41319.061334326754,1
31613.0,17151,5.258002448836803,2.078933584993417,2.3825262992175085,90180,35655.78991622209,40862.70855787949,1
31627.0,24240,4.908374587458746,2.0571085093243404,1.8767132225983278,118979,49864.31026602201,45491.528515783466,1
31628.0,23757,4.068990192364356,2.0434129802626435,2.342936742091342,96667,48545.36217209962,55661.14818186401,1
31629.0,14453,1.851449526049955,2.1486662175028575,2.2932563339222547,26759,31054.6728415688,33144.433794178345,1
31633.0,10710,2.995891690009337,2.2486873336994617,2.326429122767057,32086,24083.441343921237,24916.05590483518,1
31634.0,16320,2.3063725490196076,2.1547357321587843,3.03456911039581,37640,35165.28714883136,49524.16788165962,1
31636.0,18441,2.3201561737432894,2.102393043104908,2.5072766663960877,42786,38770.2301078976,46236.68900501025,1
31638.0,18431,2.110845857522652,2.096245280723827,2.6216578081002986,38905,38635.89676902085,48319.7750610966,1
31642.0,16156,2.128744738796732,2.1272852803652067,2.121340115300241,34392,34368.42098958028,34272.370902790695,1
31643.0,16915,2.921726278451079,2.1569719057638204,1.9047457949816804,49421,36485.179785995024,32218.775122115123,1
31651.0,21455,2.732043812631088,2.0390249034920074,2.2587932034206166,58616,43747.27930442102,48462.40817938933,1
31657.0,16941,2.245499085059914,2.116278487820446,2.717291688642525,38041,35851.873862166176,46033.63849729302,1
31659.0,15698,1.9002420690533826,2.0994128006405757,2.355676474007304,29830,32956.58214445576,36979.40928896666,1
31667.0,12403,1.7582842860598242,2.148420632327901,1.6392230958242473,21808,26646.861102762956,20331.28405750814,1
31669.0,11985,2.172549019607843,2.17665954840021,2.9840513241995144,26038,26087.264687576517,35763.85512053118,1
31670.0,11869,2.6879265313000253,2.159495604491909,2.50790473250636,31903,25631.053329714472,29766.321270117984,1
31673.0,7828,1.654701073071027,2.2068484435177975,1.947123995787425,12953,17275.20961585732,15242.086639023963,1
31675.0,10860,1.9316758747697975,2.189955021141575,2.766227064078439,20978,23782.911529597503,30041.22591589185,1
31678.0,11080,1.8712996389891696,2.1336107874387005,1.6231650317468358,20734,23640.4075248208,17984.66855175494,1
31701.0,2391,1.109995817649519,2.1699879266778144,1.5524355819123106,2654,5188.441132686654,3711.8734763523344,1
31712.0,10940,1.5903107861060328,2.141388383231949,2.2281383789634357,17398,23426.78891255752,24375.833865859986,1
31716.0,4538,1.4524019391802556,2.2790840985488017,1.5019929795264064,6591,10342.483639214463,6816.044141090832,1
31719.0,5627,1.338546294650791,2.2240604259278056,1.2900474091555978,7532,12514.788016695762,7259.096771318549,1
31721.0,3086,1.3360337005832794,2.223825841316406,2.396826374306377,4123,6862.726546302429,7396.606191109479,1
31799.0,251,1.1474103585657371,2.2054383209524806,1.350613720693948,288,553.5650185590727,339.00404389418094,1
31803.0,2979,1.191675058744545,2.1619847840843196,1.314842349916244,3550,6440.552671787188,3916.915360400491,1
31806.0,3257,1.145225667792447,2.1440955396699315,1.3630572582877754,3730,6983.319172704967,4439.477490243285,1
31816.0,1489,1.16051040967092,2.193967489001519,1.1924779893388913,1728,3266.817591123262,1775.599726125609,1
31818.0,847,1.089728453364817,2.0704814432684495,1.10428940368644,923,1753.6977824483768,935.3331249224146,1
31824.0,807,1.1127633209417596,2.2297306330750613,1.2146395962530383,898,1799.3926208915743,980.2141541762019,1
31827.0,3406,1.5387551379917792,2.213496515545852,1.3452098388416998,5241,7539.169131949171,4581.78471109483,1
31829.0,1108,1.0785198555956679,2.040168362670013,2.3768224933137465,1195,2260.5065458383747,2633.519322591631,1
31900.0,4894,1.2973028197793217,2.194365114476977,1.1183067079826796,6349,10739.222870250327,5472.993028867234,1
31910.0,4845,1.3459236326109392,2.232559796614183,1.4774620852895581,6521,10816.752214595715,7158.303803227909,1
31915.0,4063,1.2761506276150627,2.1593304090475427,1.369882086595542,5185,8773.359451960167,5565.830917837687,1
31917.0,11755,1.6269672479795831,2.13453723302868,1.546307554189096,19125,25091.48517425213,18176.845299492823,1
31944.0,5156,1.2949961210240497,2.2356026114756795,1.4804391280187685,6677,11526.767064768605,7633.14414406477,1
31947.0,17319,2.368150586061551,2.1246859762910915,2.163133416370444,41014,36797.436423385414,37463.307638119724,1
31972.0,2009,1.2453957192633152,2.2537736074656194,1.48300934491344,2502,4527.83117739843,2979.365773931101,1
32003.0,3245,1.3180277349768874,2.2431172112030224,1.2082286803590208,4277,7278.915350353808,3920.7020677650225,1
32022.0,1007,1.2423038728897715,2.2559321061633706,1.2115994528122567,1251,2271.7236309065142,1220.0806489819424,1
32024.0,4111,1.1880321089759183,2.1756992889089775,1.225801598003463,4884,8944.299776704805,5039.270369392237,1
32026.0,5944,1.2479811574697173,2.1485648433372617,1.4281286323623776,7418,12771.069428796683,8488.796590761973,1
32029.0,2872,1.2284122562674096,2.224776642901699,1.4722580909845762,3528,6389.558518413679,4228.325237307703,1
32036.0,5039,1.336574717205795,2.2073653488361082,1.1891119852863896,6735,11122.913992785148,5991.935293858118,1
32043.0,1884,1.1778131634819533,2.2618524091811327,1.2185898109426816,2219,4261.329938897254,2295.823203816012,1
32049.0,3581,1.2786931024853392,2.1085610562404224,1.1793778444864231,4579,7550.757142396953,4223.352061105881,1
32056.0,3043,1.248110417351298,2.207649605484463,1.239755661740254,3798,6717.877749489221,3772.576478675593,1
32064.0,578,1.1522491349480968,2.244281431770466,1.5727932667386435,666,1297.1946675633294,909.074508174936,1
32074.0,2398,1.1793160967472893,2.2921532801672715,1.1774752921975697,2828,5496.583565841117,2823.5857506897723,1
32078.0,1853,1.2525634106853751,2.2446464947240936,1.2546756129984635,2321,4159.329954723746,2324.9139108861527,1
32084.0,1146,1.1884816753926701,2.204042292068851,1.1760896895183333,1362,2525.8324667109036,1347.79878418801,1
32200.0,957,1.12957157784744,2.293827311247598,1.1686943411335162,1081,2195.1927368639513,1118.440484464775,1
32209.0,565,1.1716814159292035,2.3358141802243466,1.3551433308796266,662,1319.735011826756,765.655981946989,1
32210.0,952,1.1186974789915967,2.1210097020647325,1.1330796826085088,1065,2019.2012363656254,1078.6918578433003,1
32217.0,612,1.107843137254902,2.3541460952588142,1.2376072723957112,678,1440.7374102983943,757.4156507061753,1
32219.0,1564,1.1592071611253196,2.0909710156456964,1.2693512108585447,1813,3270.2786684698694,1985.265293782764,1
32220.0,2692,1.3060921248142645,2.323315121256077,1.2594408544951825,3516,6254.364306421359,3390.4147803010314,1
32224.0,1118,1.240608228980322,2.2906247722216064,1.196423153162606,1387,2560.918495343756,1337.6010852357936,1
32227.0,510,1.1784313725490196,2.2286388985330197,1.1964060434012496,601,1136.60583825184,610.1670821346373,1
32228.0,589,1.2393887945670627,2.3833388909824427,1.1585209456497727,730,1403.7866067886587,682.3688369877161,1
32230.0,2169,1.1973259566620562,2.2597861033882016,1.2708561823646602,2597,4901.476058249009,2756.4870595489483,1
32236.0,989,1.1779575328614762,2.1964521059770856,1.1301184387585048,1165,2172.291132811338,1117.6871359321613,1
32246.0,647,1.1004636785162287,2.0075728017458534,1.2112691219189908,712,1298.8996027295673,783.691121881587,1
32249.0,206,1.2912621359223302,2.272219561584805,1.0963540405593015,266,468.0772296864698,225.84893235521614,1
32251.0,551,1.263157894736842,2.350364118937457,1.1095388348664763,696,1295.050629534539,611.3558980114284,1
32253.0,485,1.3917525773195876,2.22000821932722,1.2228836611691727,675,1076.7039863737016,593.0985756670487,1
32264.0,533,1.322701688555347,2.311090978455168,1.081869159192274,705,1231.8114915166045,576.636261849482,1
32267.0,812,1.248768472906404,2.157723557759563,1.175832941046762,1014,1752.0715289007649,954.7763481299709,1
32274.0,190,1.2736842105263158,2.2893403404244923,1.309339604093642,242,434.9746646806535,248.77452477779198,1
32278.0,424,1.1179245283018868,2.2584167639810775,1.1691590000787802,474,957.5687079279768,495.7234160334028,1
32281.0,155,1.303225806451613,2.3348572143003326,1.1789451021951396,202,361.90286821655155,182.73649084024663,1
32290.0,480,1.275,2.328252928340572,1.1825445837246478,612,1117.5614056034744,567.6214001878309,1
32294.0,639,1.162754303599374,2.1945260032403,1.1631827330370161,743,1402.3021160705516,743.2737664106533,1
32297.0,436,1.1055045871559632,2.0434670392867984,1.0989253268311172,482,890.951629129044,479.1314424983671,1
32415.0,2430,1.4185185185185185,2.232838661042918,1.3303364210634405,3447,5425.797946334291,3232.7175031841603,1
32416.0,4593,1.1750489875898107,2.0372375221251904,1.3283669050400564,5397,9357.031939121,6101.189194848979,1
32419.0,1802,1.1653718091009988,2.1528095862374816,1.1519936297849769,2100,3879.362874399942,2075.892520872528,1
32420.0,7018,1.3570817896836707,2.172709486146439,1.3729535070370493,9524,15248.07517377571,9635.387712386013,1
32602.0,1616,1.2128712871287128,2.215127981811219,1.2924034132916917,1960,3579.6468186069296,2088.523915879374,1
32605.0,2361,1.190597204574333,2.1470088906273794,1.331604185675725,2811,5069.087990771243,3143.917482380387,1
32607.0,2151,1.1543468154346817,2.1544505804712024,1.3336067190537133,2483,4634.223198593556,2868.588052684537,1
32609.0,2041,1.1749142577168055,2.241952871657186,1.3015231343873024,2398,4575.825811052317,2656.4087172844843,1
31000.0,10133,1.7464719234185335,2.2013075455674875,2.1958415391682453,17697,22305.84935923535,22250.46231639183,2
31020.0,8574,1.4924189409843713,2.1840209722541295,1.6055416491004006,12796,18725.795816106907,13765.914099386835,2
31035.0,5966,1.2725444183707677,2.1974691491294154,1.3513659766450117,7592,13110.100943706091,8062.249416664139,2
31040.0,8163,1.4231287516844298,2.1961044941470536,1.2709373269134747,11617,17926.8009857224,10374.661399594694,2
31044.0,5279,1.4438340594809622,2.2021970243090414,2.435996977968473,7622,11625.39809132743,12859.62804669557,2
31045.0,4485,1.3710144927536232,2.233483746099984,3.174765898907693,6149,10017.174601258428,14238.825056601003,2
31046.0,2918,1.223440712816998,2.239671200903093,1.7441177341279477,3570,6535.360564235225,5089.335548185351,2
31050.0,4850,1.2554639175257731,2.1920932331918173,1.575849357077264,6089,10631.652180980314,7642.86938182473,2
31053.0,5391,1.2413281394917455,2.152862583981204,1.3852623124649512,6692,11606.082190242672,7467.949126498552,2
31059.0,4264,1.2818949343339587,2.2331999709238226,1.296825712337251,5466,9522.364676019179,5529.664837406039,2
31060.0,6423,1.510664798380819,2.233979182073807,1.2901355599721136,9703,14348.848286460061,8286.540701700886,2
31064.0,12442,3.4650377752772865,2.2225906045778516,1.2811454032168113,43112,27653.472302157632,15940.011106823566,2
31068.0,6991,1.3760549277642684,2.154278979810988,1.3441639126444886,9620,15060.564347858617,9397.04991329762,2
31072.0,1533,1.1513372472276582,2.1786867505115888,1.3452058756314496,1765,3339.9267885342656,2062.200607343012,2
31080.0,8635,1.4961204400694847,2.1602536996676225,2.28054405827584,12919,18653.79069662992,19692.497943211878,2
31090.0,3512,1.3180523917995444,2.212012291606604,1.3595345641329575,4629,7768.587168122393,4774.685389234946,2
31097.0,4589,1.3307910220091523,2.241944617038195,1.3495811001050697,6107,10288.283847588276,6193.227668382165,2
31109.0,20391,2.3836496493551076,2.0347699304437783,2.1989257620601355,48605,41490.993651679084,44838.295214168225,2
31111.0,17957,2.225761541460155,2.060512090580686,4.094129698958243,39968,37000.61561055738,73518.28700419317,2
31120.0,21757,2.939651606379556,2.0643541433875483,2.4807909434379094,63958,44914.15309768289,53974.568556378596,2
31121.0,19240,2.5243243243243243,2.092380216295686,1.6561960341948359,48568,40257.395361529,31865.211697908642,2
31122.0,21555,2.701414984922292,2.0266941869630473,1.887882379713359,58229,43685.39319998848,40693.30469472145,2
31125.0,25901,4.230068337129841,1.9885393132645863,4.470212424797144,109563,51505.15675286605,115782.97201467083,2
31129.0,16096,3.532803180914513,2.154367577709295,2.4206511687924945,56864,34676.70053080882,38962.80121288399,2
31131.0,22291,2.9749674756628237,2.0224570059974774,2.022511694042606,66315,45082.58912068977,45083.80817190373,2
31133.0,21233,2.679178637027269,2.0357146255352143,2.106898688541648,56887,43224.3286439892,44735.77985380481,2
31136.0,15901,2.480850260989875,2.06866777007,3.2335655881882754,39448,32893.886211883066,51416.92641778177,2
31200.0,19803,5.096551027622078,2.019203047514741,3.6077936438653415,100927,39986.27794993442,71445.13752946536,2
31202.0,25986,4.65962441314554,2.003187670696723,2.886725190852996,121085,52054.83481072505,75014.44080950595,2
31204.0,14989,2.17172593235039,2.1224713896764045,2.081168497542486,32552,31813.72365985963,31194.63460966432,2
31205.0,18844,3.681702398641477,2.114997310043929,2.924601198407137,69378,39855.009310467794,55111.184982784085,2
31206.0,5769,1.6970012133818686,2.2862108610686707,2.8892317924898157,9790,13189.15045750516,16667.978210873745,2
31207.0,12199,1.8303959340929585,2.145846575293373,3.0649485917672825,22329,26177.182372003856,37389.30787096908,2
31216.0,13161,2.4508775928880784,2.1627277475064672,4.33670983509893,32256,28463.659884932615,57075.43813973702,2
31217.0,11184,2.2819206008583692,2.2022788669053726,3.0557768976300537,25521,24630.286847469688,34175.80882309452,2
31218.0,14444,2.951883134865688,2.1686261503465722,3.591972468459183,42637,31323.636115605892,51882.450334424444,2
31221.0,19496,2.907365613459171,2.0767061774699256,2.3171680440261198,56682,40487.46363595367,45175.50818633323,2
31230.0,19358,3.307934703998347,2.1140691286340125,2.6086187611516425,64035,40924.150192097215,50497.6419783735,2
31234.0,23298,3.547858185251953,2.047128913817245,2.816672056863764,82658,47694.009434114174,65622.82558081197,2
31236.0,21318,4.350079744816587,2.0678349864692,1.3382357683810369,92735,44082.106241550406,28528.510110346946,2
31238.0,15769,2.6786733464392163,2.1281915831435336,2.563872853639876,42240,33559.45307459038,40429.711029047205,2
31246.0,18456,3.424306458604248,2.0479420759180824,2.5414629913434204,63199,37796.81895314413,46905.24096823417,2
31254.0,14803,2.45754239005607,2.1279580179478064,2.6361667658730705,36379,31500.16253968138,39023.17663521906,2
31261.0,6641,1.9638608643276616,2.248640239552203,2.9651739837811077,13042,14933.219830866181,19691.720426290336,2
31264.0,16981,2.895235851834403,2.1519280816238475,2.629150293324704,49164,36541.890754054555,44645.6011309468,2
31266.0,26585,3.9636637201429377,1.9773189177649835,3.0052530474386976,105374,52567.023428782086,79894.65226615778,2
31270.0,15962,2.3783360481142712,2.148802540489107,2.848456645065137,37963,34299.186151287126,45467.06496852972,2
31273.0,12327,2.415429544901436,2.1951377689531664,1.402292753339504,29775,27059.463277885683,17286.062770416065,2
31280.0,22197,3.0568094787583906,2.038468244885917,4.6957728607323705,67852,45247.87963173269,104232.07018967644,2
31282.0,21312,2.736251876876877,2.0441593485406164,2.7989231563568375,58315,43565.124036097615,59650.65030827692,2
31284.0,8633,2.113749565620294,2.2619957307996668,2.6818759041709175,18248,19527.809143993523,23152.63468070753,2
31286.0,22770,2.988054457619675,2.0271122118409006,3.154838646158115,68038,46157.34506361731,71835.67597302028,2
31288.0,17534,6.382171780540664,2.158012079667018,2.6891652389645384,111905,37838.5838048815,47151.82330000422,2
31292.0,10313,2.7699990303500437,2.243323688599385,3.368905565677798,28567,23135.397200525455,34743.52309883513,2
31293.0,14443,2.5271065568095272,2.1656374859747793,2.3467755402135193,36499,31278.302209933736,33894.47912730386,2
31294.0,12005,1.8769679300291546,2.1747770119771026,3.4867249070931132,22533,26108.19802878512,41858.13250965282,2
31298.0,19868,2.8833299778538355,2.086452918266829,2.1112716221710333,57286,41453.646580125365,41946.74458929409,2
31306.0,14795,2.0814464346062858,2.107854891545844,1.3160937033798843,30795,31185.713120420758,19471.606341505387,2
31307.0,14371,1.8011272701969243,2.0915576166596996,1.2862881814722489,25884,30057.774509016544,18485.24745593769,2
31315.0,5898,1.2694133604611733,2.169631556572528,1.1880255726825721,7487,12796.48692066477,7006.97482768181,2
31318.0,8709,1.418991847514066,2.148702793102162,1.3787339067048872,12358,18713.05262512673,12007.393593492863,2
31334.0,2455,1.2036659877800406,2.262624677464447,1.2595022890536929,2955,5554.743583175217,3092.078119626816,2
31339.0,6656,2.2720853365384617,2.1838517018400125,1.4399700321061286,15123,14535.716927447123,9584.440533698393,2
31391.0,4299,1.4852291230518726,2.188081301362311,1.2792807532733583,6385,9406.561514556575,5499.627958322168,2
31395.0,5427,1.5634789017873596,2.1372957499816523,1.276771674013196,8485,11599.104035150427,6929.039874869614,2
31404.0,16637,2.105728196189217,2.110626762144403,1.3849034934791868,35033,35114.49744179643,23040.63942101323,2
31405.0,5708,1.2929222144358794,2.153663611976279,1.278588222020735,7380,12293.1118971606,7298.181571294355,2
31406.0,11411,1.6820611690474103,2.1428317750538954,1.7071278757029655,19194,24451.85338514,19480.03618964654,2
31413.0,6541,1.4289863935178106,2.2152701713056167,1.458300810002858,9347,14490.082190510038,9538.745598228694,2
31414.0,6324,1.308349146110057,2.165367484163343,1.2694196094894092,8274,13693.78396984898,8027.809610411025,2
31418.0,11603,1.616047573903301,2.105220918152245,1.2322052160551613,18751,24426.878313320496,14297.277121888037,2
31419.0,18601,2.58039890328477,2.0864343443355384,1.8549221838888132,47998,38809.765238985354,34503.407542515815,2
31421.0,13358,1.8737835005240306,2.108645726124802,1.3000037326676621,25030,28167.289609575106,17365.44986097463,2
31428.0,1126,1.2246891651865008,2.246151691158852,1.2244627303544553,1379,2529.1668042448678,1378.7450343791168,2
31501.0,7283,1.3188246601675133,2.1572296496413053,1.3340036097455394,9605,15711.103538337626,9715.548289776763,2
31514.0,12566,1.7141492917396148,2.1059806988230707,1.7474167245013028,21540,26463.753461410706,21958.038560083372,2
31524.0,13614,1.7840458351696782,2.0991598213403337,1.664245800517278,24288,28577.9618077273,22657.042328242223,2
31530.0,6115,1.2637775960752249,2.1323285653923505,1.298247470918955,7728,13039.189177374223,7938.78328466941,2
31531.0,19262,3.2002907278579587,2.106060624892812,1.5529117281327398,61644,40566.939756685344,29912.185707292832,2
31532.0,24213,4.346879775327303,2.0359887228074274,2.3279538158512607,105251,49297.394945336244,56366.74574320657,2
31534.0,12519,1.936336768112469,2.1263281211032776,1.3884950360601358,24241,26619.50174809193,17382.56935643684,2
31600.0,26292,5.47790202342918,2.0015427936251133,2.1554320128007203,144025,52624.563129991475,56670.618480556535,2
31621.0,10785,1.9585535465924895,2.2006887494309555,3.06672783736524,21123,23734.428162612854,33074.659725984115,2
31624.0,18911,2.6361376976362965,2.084899250440252,2.4063222618450917,49852,39427.52972507561,45505.96029375253,2
31640.0,18394,2.7264325323475047,2.092042722731681,2.343746308762608,50150,38481.03384192654,43110.86960337941,2
31649.0,20854,2.393209935743742,2.030393246858338,3.193791920632161,49908,42341.82076998378,66603.33671286309,2
31653.0,21677,3.771693500023066,2.079031070300932,2.2786836614861183,81759,45067.1565109133,49395.025730034584,2
31654.0,9422,1.5205901082572701,2.151624571592986,2.4178776820146237,14327,20272.606713549114,22781.243519941785,2
31658.0,8996,1.4986660738105826,2.172723392439176,1.9736462718304797,13482,19545.819638382825,17754.921861386996,2
31661.0,18028,2.2193809629465275,2.0923268477419,2.451593553541545,40011,37720.46841109097,44197.32858324697,2
31664.0,12039,1.7792175429852979,2.170913611124479,1.5036378653248104,21420,26135.628964327603,18102.29626064539,2
31672.0,17382,2.1221378437464042,2.1003882970188408,2.4246101770709068,36887,36508.94937878149,42144.574097846504,2
31700.0,2175,1.1071264367816092,2.176073075114303,1.4360081212912696,2408,4732.958938373609,3123.3176638085115,2
31703.0,2378,1.1400336417157275,2.136324135077381,1.2397846089549134,2711,5080.178793214011,2948.207800094784,2
31704.0,982,1.1232179226069245,2.192460612379345,1.323398317625987,1103,2152.996321356517,1299.577147908719,2
31711.0,1455,1.1491408934707903,2.2495730683569977,1.5693808054384164,1672,3273.1288144594314,2283.4490719128958,2
31714.0,878,1.1571753986332574,2.1493457774167988,1.16711249348642,1016,1887.1255925719495,1024.7247692810768,2
31718.0,289,1.1487889273356402,2.2554542020040924,1.2838714696427267,332,651.8262643791827,371.038854726748,2
31724.0,286,1.1118881118881119,2.227392034714119,1.5093741486779675,318,637.034121928238,431.6810065218987,2
31725.0,5404,1.7144707623982236,2.166847995321587,1.7039320036135008,9265,11709.646566717856,9208.048547527358,2
31728.0,484,1.078512396694215,2.0647443187893817,1.1963679578067425,522,999.3362502940608,579.0420915784634,2
31801.0,5723,1.264371832954744,2.1737617187154856,1.934868949133002,7236,12440.438316208723,11073.25499588817,2
31826.0,2109,1.1375059269796113,2.151258244750634,1.22766033100725,2399,4537.003638179087,2589.1356380942902,2
31912.0,2632,1.166033434650456,2.157730551721358,1.3778276266961273,3069,5679.146812130613,3626.442313464207,2
31920.0,6882,1.4850334205172915,2.1675971263753095,1.2668716107827735,10220,14917.403423714879,8718.610425407047,2
31929.0,8263,1.699019726491589,2.220155718129864,1.7092709466117626,14039,18345.14669890707,14123.705831852994,2
31933.0,2978,1.557421087978509,2.2620264802294736,1.4436792884046028,4638,6736.314858123372,4299.276920868907,2
31935.0,6777,1.356647484137524,2.1205211384393468,1.515736052802915,9194,14370.771755203452,10272.143229845355,2
31940.0,7501,1.4264764698040262,2.146024896223724,2.111420211414911,10700,16097.332746574153,15837.76300582325,2
31942.0,723,1.1839557399723375,2.1712993802488936,1.3971393576693627,856,1569.84945191995,1010.1317555949493,2
31954.0,898,1.212694877505568,2.2805096633041217,1.2824146848332039,1089,2047.8976776471013,1151.6083869802171,2
31955.0,3236,1.3062422744128555,2.239638210872486,2.0792840832577424,4227,7247.469250383365,6728.563293422054,2
31957.0,851,1.1880141010575793,2.2025808752966256,1.3945753163855341,1011,1874.3963248774282,1186.7835942440895,2
31964.0,868,1.1105990783410138,2.168127719517728,1.3144183248625634,964,1881.934860541388,1140.915105980705,2
31966.0,1296,1.2384259259259258,2.1860480576564183,1.2106709197845171,1605,2833.118282722718,1569.0295120407343,2
31967.0,763,1.1363040629095675,2.253074284693607,1.1306915416218213,867,1719.095679221222,862.7176462574497,2
31969.0,10647,1.7552362167746782,2.2095406728583353,1.60869570656307,18688,23524.9795439227,17127.783187777008,2
31970.0,5121,1.3175161101347392,2.2430496065036483,1.6067640677993533,6747,11486.657034905182,8228.238791200489,2
31971.0,4308,1.2277158774373258,2.183781480335861,1.3368172631167663,5289,9407.73061728689,5759.00876950703,2
32001.0,4410,1.200907029478458,2.132767707307432,1.1802221545885676,5296,9405.505589225775,5204.779701735583,2
32005.0,394,1.1928934010152283,2.3185201094170953,1.1137989603293763,470,913.4969231103356,438.8367903697743,2
32008.0,4517,1.2957715297764003,2.214217403027398,1.2318287736005797,5853,10001.620009474756,5564.170570353819,2
32017.0,1024,1.14453125,2.247461619766394,1.2108673371954988,1172,2301.4006986407876,1239.9281532881907,2
32019.0,4063,1.2269259168102387,2.1748231826838946,1.2256203610564829,4985,8836.306591244664,4979.6955269724895,2
32023.0,704,1.1534090909090908,2.1675840104664585,1.0348317035884476,812,1525.9791433683868,728.521519326267,2
32025.0,5458,1.2806888970318797,2.1817457312423025,1.3769832589244797,6990,11907.968201120488,7515.57462720981,2
32027.0,5493,1.28399781540142,2.1353130033223198,1.1906208976808503,7053,11729.274327249503,6540.080590960911,2
32038.0,1335,1.1880149812734082,2.290761890420693,1.0913832551937317,1586,3058.167123711625,1456.9966456836319,2
32044.0,763,1.1140235910878113,2.1666916917039103,1.14110918864844,850,1653.1857607700836,870.6663109387596,2
32045.0,2279,1.0982887231241774,2.1851950389975094,1.1976660120061136,2503,4980.059493875324,2729.4808413619326,2
32057.0,1713,1.2603619381202569,2.251943045585052,1.19540419236168,2159,3857.578437087194,2047.727381515558,2
32062.0,2820,1.1851063829787234,2.2464321322816243,1.2771377479327706,3342,6334.938613034181,3601.5284491704133,2
32063.0,907,1.2877618522601983,2.2248195724716435,1.1706281744840086,1168,2017.9113522317805,1061.7597542569958,2
32077.0,952,1.221638655462185,2.1915612670732574,1.2426143724432688,1163,2086.366326253741,1182.9688825659919,2
32082.0,1025,1.1765853658536585,2.201166357592756,1.2658227943381255,1206,2256.195516532575,1297.4683641965787,2
32086.0,615,1.1479674796747967,2.26097677899874,1.3177063486388791,706,1390.5007190842252,810.3894044129106,2
32088.0,373,1.126005361930295,2.233340679081767,1.2025848297692205,420,833.0360732974991,448.5641415039193,2
32204.0,3046,1.2416283650689428,2.26920305728433,1.5001962665108302,3782,6911.992512488069,4569.5978277919885,2
32206.0,799,1.146433041301627,2.5263991655187543,1.4886978343214128,916,2018.5929332494845,1189.4695696228089,2
32212.0,865,1.2046242774566474,2.2747808011257016,1.3388944550504778,1042,1967.6853929737317,1158.1437036186633,2
32215.0,2026,1.177690029615005,2.2937770699567066,1.4809147782741456,2386,4647.192343732288,3000.333340783419,2
32216.0,1477,1.2281651997291807,2.377547886256124,1.2751146314182347,1814,3511.638228000295,1883.3443106047325,2
32229.0,2299,1.218790778599391,2.169182586204225,1.285477155338871,2802,4986.950765683513,2955.3119801240646,2
32232.0,1653,1.1506352087114338,2.243354164756093,1.271930632425969,1902,3708.2644343418215,2102.5013354001267,2
32233.0,464,1.1142241379310345,2.384145612774582,1.3663751208566977,517,1106.243564327406,633.9980560775077,2
32252.0,518,1.2027027027027026,2.164383172150647,1.110040802910412,623,1121.1504831740351,575.0011359075935,2
32259.0,696,1.1422413793103448,2.1521047046359576,1.1006028423075518,795,1497.8648744266266,766.019578246056,2
32270.0,480,1.1854166666666666,2.3041385012075333,1.2796542975451441,569,1105.986480579616,614.2340628216692,2
32280.0,326,1.196319018404908,2.1331351788222506,1.357193334447289,390,695.4020682960537,442.44502702981623,2
32298.0,334,1.1916167664670658,2.306987995754307,1.169072472197084,398,770.5339905819385,390.47020571382603,2
32401.0,1232,1.1176948051948052,2.1875849274768515,1.346071496970111,1377,2695.1046306514813,1658.3600842671767,2
32423.0,5191,1.9701406280100173,2.240650087141897,1.3788422654464916,10227,11631.214602353586,7157.5701999327375,2
32424.0,734,1.279291553133515,2.2617108281128764,1.2511705461063207,939,1660.0957478348514,918.3591808420394,2
32426.0,1580,1.2392405063291139,2.241758228382587,1.298466366090982,1958,3541.9780008444873,2051.5768584237517,2
32901.0,561,1.1711229946524064,2.258335910561704,1.46111899346695,657,1266.926445825116,819.6877553349589,2
31007.0,13898,1.9140883580371277,2.1882144913718635,1.97752584613904,26602,30411.80500108616,27483.654209640375,3
31011.0,10265,1.645689235265465,2.221224657769982,1.5970096208053781,16893,22800.871112008863,16393.303757567206,3
31017.0,10552,1.637035633055345,2.176490177004378,1.9647820469493886,17274,22966.324347750196,20732.38015940995,3
31021.0,9522,1.5165931526990128,2.1932522691052725,1.7250168602302065,14441,20884.148106420405,16425.610543112027,3
31023.0,9105,1.4531576057111477,2.163106299631808,1.3683852449562277,13231,19695.08285814761,12459.147655326453,3
31024.0,13230,1.7904761904761906,2.1822841022640524,1.3596097063557768,23688,28871.618672953417,17987.636415086927,3
31026.0,8468,1.4155644780349552,2.173250632782565,1.471689859212259,11987,18403.08635840276,12462.26972780941,3
31031.0,9396,1.4490208599404002,2.150855885456189,2.7147052332010198,13615,20209.441899746354,25507.370371156783,3
31033.0,3606,1.2753743760399334,2.257256610794664,1.195027000488545,4599,8139.667338525558,4309.267363761694,3
31043.0,4786,1.3568742164646888,2.299009676960245,1.6171008489933856,6494,11003.060313931734,7739.444663282343,3
31047.0,4806,1.3279234290470245,2.248823263347352,1.4888030892216153,6382,10807.844603647374,7155.187646799083,3
31054.0,3044,1.335742444152431,2.18587009998203,1.6096158660384516,4066,6653.7885843453,4899.6706962210465,3
31056.0,4810,1.317879417879418,2.233274193212962,1.2568789772410192,6339,10742.048869354347,6045.587880529302,3
31058.0,4345,1.2370540851553509,2.192414604683079,1.3248366826233693,5375,9526.041457347977,5756.41538599854,3
31074.0,6168,1.4392023346303502,2.2557749064742967,1.2985017994198256,8877,13913.619623133462,8009.159098821484,3
31079.0,7761,1.382038397113774,2.1259156057860387,1.268469954209283,10726,16499.231016505448,9844.595314618246,3
31082.0,5386,1.3213887857408095,2.2450691304683064,1.7412991184667332,7117,12091.9423367023,9378.637052061826,3
31084.0,4808,1.3009567387687189,2.2920158666141957,1.2931081117292513,6255,11020.012286681053,6217.263801194241,3
31085.0,5563,1.3280603990652526,2.1904741716705862,1.4436205675070002,7388,12185.60781700347,8030.861217041443,3
31099.0,2745,1.2076502732240437,2.27307605494733,1.3445128438114382,3315,6239.59377083042,3690.6877562623977,3
31104.0,25904,4.381060840024706,2.014067940508721,2.014755379695825,113487,52172.41593093791,52190.22335564066,3
31105.0,15134,1.971587154750892,2.110247570880347,2.5656485042746677,29838,31936.486737703173,38828.52446369282,3
31119.0,25045,3.646276701936514,2.0068162337634536,2.548597934361755,91321,50260.71257460569,63829.635266090154,3
31126.0,22873,2.9805010274122328,2.031219577560584,2.1047607532960217,68173,46460.08539754324,48142.192710139905,3
31127.0,16082,2.4340878000248725,2.1477888997744,2.57126496253314,39145,34540.7410861719,41351.08312745796,3
31130.0,21389,2.652344663144607,2.0732333348292586,3.3653355515442622,56731,44344.38779866301,71981.16211198023,3
31134.0,23036,3.003342594200382,2.0342755977191533,2.6387732666380086,69185,46861.57266905841,60786.78097027317,3
31201.0,27305,5.839772935359824,2.0073392755621953,2.309069568898849,159455,54810.398919225736,63049.144578783074,3
31215.0,17551,3.1166885077773347,2.1537517111059112,2.1886812282227983,54701,37800.496281619846,38413.544236538335,3
31222.0,16389,2.9929830984196717,2.140492288869706,2.43213162241464,49052,35080.528122285614,39860.20515975353,3
31225.0,18539,2.992556232806516,2.1296256921082315,1.5246883389603392,55479,39481.1307059945,28266.197115985728,3
31228.0,23301,3.7994935839663535,2.066163630238016,2.3310498089521414,88532,48143.67874817601,54315.791598393844,3
31231.0,13099,3.0754256050080158,2.221109455164311,3.1670126821482167,40285,29094.312753197308,41484.69912345949,3
31240.0,10760,3.859665427509294,2.2514186648673546,1.9319010728771355,41530,24225.264833972735,20787.25554415798,3
31245.0,21640,2.8335489833641403,2.067761006573612,4.0337638418738555,61318,44746.348182252965,87290.64953815023,3
31253.0,12757,2.5930861487810613,2.2096030312715373,2.3297929504982062,33080,28187.905869931004,29721.16866950562,3
31256.0,16034,2.80241985780217,2.177760437482052,1.9747638807408379,44934,34918.210854587225,31663.364063798595,3
31260.0,14268,2.4053826745164004,2.173236804723091,2.310137655701656,34320,31007.74272978906,32961.04407155123,3
31262.0,13558,2.2315975807641246,2.2046296135295194,1.8516740426603215,30256,29890.368300233225,25104.99667038864,3
31263.0,19748,2.899230301802714,2.1134174100601415,2.482233175724528,57254,41735.76701386768,49019.14075420798,3
31265.0,23151,3.4215800613364435,2.057390352749351,3.372494647759814,79213,47630.64405650023,78076.62359028745,3
31268.0,17959,2.2627095049835737,2.0858149542882605,2.4479302804040866,40636,37459.15076406287,43962.37990577699,3
31275.0,22351,3.038924432911279,2.0712925476032025,2.034524421772586,67923,46295.45973147918,45473.655351039066,3
31291.0,18838,3.077502919630534,2.133017099587092,2.4270854566465716,57974,40181.77612202164,45721.43583230812,3
31296.0,24583,3.4762640849367448,2.0236537485558728,2.2650562350568633,85457,49747.48010074902,55681.87742640287,3
31297.0,17296,2.367425994449584,2.146274007363879,4.456662348804772,40947,37121.955231365646,77082.43198492735,3
31301.0,10213,1.7101733085283461,2.1632825796691812,1.3973399535142526,17466,22093.60498616135,14271.032945241062,3
31304.0,10977,1.6567368133369773,2.151909101582121,1.1629814464868127,18186,23621.506208066938,12766.047338085744,3
31308.0,9006,1.444148345547413,2.2048438131839094,1.3311709961605755,13006,19856.823381534286,11988.525991422144,3
31314.0,12381,2.5745900977303933,2.2401155353923636,3.8531675265825696,31876,27734.870443692853,47706.06714661879,3
31316.0,4127,1.305064211291495,2.2187111445885153,1.3763275765962024,5386,9156.620893716803,5680.103908612527,3
31320.0,10863,1.8715824357912179,2.164866353015433,1.1960262063990457,20331,23516.943192806648,12992.432680112834,3
31323.0,19426,2.637805003603418,2.1112425538225534,1.8337891340279397,51242,41012.99785055692,35623.18771762676,3
31324.0,23890,3.9104227710339052,2.0566584795340694,2.7557264614999766,93420,49133.57107606892,65834.30516523444,3
31326.0,9910,1.7355196770938446,2.210678353742568,1.2068183071949943,17199,21907.822485588847,11959.569424302394,3
31331.0,4286,1.3117125524965003,2.2402056265673935,1.0233926974238712,5622,9601.52131546785,4386.261101158711,3
31332.0,19580,2.408733401430031,2.0860425392363022,2.1316282050292807,47163,40844.7129182468,41737.28025447332,3
31336.0,10200,3.3863725490196077,2.0906793302963265,2.5039922803410333,34541,21324.92916902253,25540.72125947854,3
31337.0,6489,2.0795191863153026,2.2018414602519627,1.241091981917321,13494,14287.749235574987,8053.445870661496,3
31385.0,485,1.1463917525773195,2.118225966509675,1.2731604000859826,556,1027.3395937571925,617.4827940417016,3
31387.0,231,1.147186147186147,2.1685319634934412,1.2124316363221765,265,500.9308835669849,280.0717079904228,3
31390.0,2610,1.3647509578544061,2.2849193701016484,1.1843949651239714,3562,5963.639555965302,3091.2708589735653,3
31400.0,21148,2.392282958199357,2.046614670972392,2.1096487093758594,50592,43281.80706172415,44614.850905880674,3
31402.0,7780,1.3740359897172236,2.166269654298576,1.4632718322134117,10690,16853.57791044292,11384.254854620343,3
31415.0,5922,1.2799729821006416,2.1313585462698073,1.334941550771504,7580,12621.905311009798,7905.5238636688455,3
31500.0,15294,1.7346018046292664,2.112917359175782,1.5792186038268632,26529,32314.958091234406,24152.569326928045,3
31504.0,11270,1.605678793256433,2.1792660800363506,1.4736357766526897,18096,24560.32872200967,16607.875202875814,3
31507.0,12404,1.8636730087068687,2.1212997921060883,1.4356254741689727,23117,26312.602621283917,17807.498381591937,3
31517.0,16431,2.5224879800377336,2.1638446041395736,2.22967041167909,41447,35554.130690617334,36635.71453429913,3
31518.0,17981,2.0711862521550524,2.1134255694281685,1.3406562502700285,37242,38001.5051638879,24106.340036105383,3
31520.0,6917,2.1350296371259216,2.2540839866476152,1.1511921078469691,14768,15591.498935641555,7962.795809977485,3
31526.0,5374,1.211016002977298,2.1468334896608288,1.305722793130922,6508,11537.083173437293,7016.954290285576,3
31535.0,6395,1.3057075840500392,2.153879784087906,1.5959603079973121,8350,13774.06121924216,10206.166169642811,3
31537.0,1809,1.1669430624654504,2.1452010896735616,1.1765284868826114,2111,3880.6687712194725,2128.340032770644,3
31545.0,1331,1.1780616078136739,2.2060597756189275,1.1722027542007694,1568,2936.2655613487927,1560.2018658412242,3
31606.0,18011,2.1824995835878074,2.118355803477193,1.7457738544362527,39309,38153.706376427726,31443.132892251346,3
31610.0,20217,3.161547212741752,2.1263727035754143,2.072046724564264,63917,42988.87694818415,41890.56863051573,3
31611.0,22054,2.8243855989843114,2.0671450999753973,2.1104598418596225,62289,45588.81803485742,46544.081352372115,3
31615.0,23163,4.306393817726547,2.085062939265794,2.7720892821130123,99749,48296.31286221358,64209.9040415837,3
31617.0,8757,1.3959118419550074,2.147183064313498,1.4322771935829466,12224,18802.882094193305,12542.451384205864,3
31622.0,17073,2.558484156270134,2.1407025528160397,2.3616540424225754,43681,36548.214684228245,40320.51946628063,3
31632.0,14572,1.9867554213560252,2.1468181661895347,1.7736640898972604,28951,31283.4343177139,25845.83311798288,3
31647.0,15030,2.0269461077844313,2.144191260525758,2.2650217793099467,30465,32227.194645702144,34043.2773430285,3
31648.0,9965,1.9243351731058707,2.202783928694042,1.7795068346813536,19176,21950.741849436126,17732.78560759969,3
31655.0,20488,3.6845958609918,2.0943462566373032,2.1599743160769673,75490,42908.96610598507,44253.553787784906,3
31656.0,13443,1.7033400282674998,2.1354860057197516,1.387170761404172,22898,28707.33837489062,18647.736545556283,3
31660.0,15232,1.9266018907563025,2.1352147024797676,2.2969382170474635,29346,32523.590348171823,34986.96292206697,3
31663.0,17713,2.277366905662508,2.152382831377032,1.3642519270024722,40339,38125.15709218137,24164.99438299479,3
31668.0,14929,2.381271351061692,2.1297322510483454,2.247683649479466,35550,31794.77277590075,33555.66920307895,3
31677.0,12276,2.1278918214402087,2.1340273792587285,2.624706683133463,26122,26197.32010778015,32220.899242146388,3
31720.0,4624,1.6120242214532872,2.317721074633533,2.114655297367775,7454,10717.142249105456,9778.166095028591,3
31722.0,346,1.1242774566473988,2.0839462934389514,1.326763423184703,389,721.0454175298772,459.06014442190724,3
31726.0,616,1.103896103896104,2.129882483541749,1.1739072340526315,680,1312.0076098617176,723.126856176421,3
31727.0,2679,1.4259051885031728,2.272644377779025,1.4769596304830392,3820,6088.414288070008,3956.774850064062,3
31805.0,2589,1.1544998068752415,2.201376333309214,1.3208141435617382,2989,5699.363326937554,3419.5878176813403,3
31812.0,1808,1.1996681415929205,2.2054880501789276,1.2476088708175048,2169,3987.522394723501,2255.676838438049,3
31904.0,9107,1.5521027780827934,2.2382106871508567,1.6446565336431225,14135,20383.38472788285,14977.887051887916,3
31908.0,1150,1.153913043478261,2.261804172554268,1.2205273938381438,1327,2601.074798437408,1403.6065029138654,3
31913.0,3781,1.2422639513356255,2.2258886881361644,1.1758625310805793,4697,8416.085129842837,4445.93623001567,3
31914.0,1973,1.1870248352762292,2.2817795950015904,1.2121497082082273,2342,4501.9511409381375,2391.5713742948324,3
31916.0,4632,1.339378238341969,2.274244558740775,1.435793521309882,6204,10534.30079608727,6650.595590707374,3
31923.0,4013,1.200348866184899,2.2102309963146753,1.6289623551408399,4817,8869.656988210792,6537.02593118019,3
31932.0,1029,1.1039844509232264,2.2413830041078304,1.2586757167312066,1136,2306.3831112269577,1295.1773125164116,3
31941.0,1730,1.1393063583815028,2.265294613182495,1.4464643722478392,1971,3918.9596808057163,2502.3833639887616,3
31945.0,3721,1.165815640956732,2.135172903995611,1.5637384665072072,4338,7944.97837576767,5818.670833873318,3
31948.0,3909,1.2287029930928626,2.1792330135850357,1.1914269412729752,4803,8518.621850103904,4657.28791343606,3
31960.0,7100,1.4745070422535211,2.222180447051571,1.335253437350689,10469,15777.481174066155,9480.299405189891,3
31973.0,4378,1.2549109182275011,2.1952711916936662,1.227586192182782,5494,9610.897277234872,5374.37234937622,3
31974.0,3198,1.2861163227016885,2.2610938112992183,1.6738018766081595,4113,7230.978008534899,5352.818401392894,3
31977.0,1168,1.216609589041096,2.205451602375367,1.1006933877447513,1421,2575.9674715744286,1285.6098768858697,3
31978.0,7689,3.7082845623618157,2.276973204352422,1.6767271878014756,28513,17507.646968265773,12892.355347005545,3
31981.0,2664,1.3663663663663663,2.226761404688403,1.1913749645737102,3640,5932.092382089905,3173.822905624364,3
32000.0,4937,1.271014786307474,2.172530687494903,1.193404415510359,6275,10725.784004162335,5891.837599374642,3
32006.0,3132,1.1950830140485313,2.2318437359823924,1.2069376783207213,3743,6990.134581096852,3780.1288085004994,3
32011.0,2491,1.1706142111601767,2.130265986396151,1.3864989601533244,2916,5306.492572112812,3453.768909741931,3
32012.0,4716,1.313189143341815,2.2471080135008186,1.1853503317476757,6193,10597.36139166986,5590.112164522038,3
32039.0,3695,1.2219215155615697,2.285036347739107,1.182259199577883,4515,8443.209304896001,4368.447742440278,3
32040.0,5032,1.2676868044515104,2.202666424829315,1.263843367864582,6379,11083.817449741113,6359.659827094576,3
32047.0,988,1.0890688259109311,2.1944703694120222,1.1668965071259216,1076,2168.136724979078,1152.8937490404105,3
32051.0,2075,1.2530120481927711,2.285891980787465,1.2485459702679478,2600,4743.22586013399,2590.7328883059918,3
32058.0,2069,1.1623972933784437,2.2058367711981286,1.5848525667266282,2405,4563.876279608928,3279.059960557394,3
32065.0,1127,1.118899733806566,1.9972916113434107,1.123660267146722,1261,2250.947645984024,1266.3651210743556,3
32068.0,1053,1.174738841405508,2.2444853423430002,1.2286722308346196,1237,2363.4430654871794,1293.7918590688544,3
32069.0,433,1.1224018475750577,2.2297439411893474,1.1055261119112239,486,965.4791265349875,478.6928064575599,3
32073.0,612,1.1977124183006536,2.1300298036456304,1.1385793252711796,733,1303.5782398311258,696.8105470659618,3
32081.0,1770,1.1271186440677967,2.2089278674818678,1.1780631905482426,1995,3909.8023254429063,2085.171847270389,3
32094.0,466,1.1888412017167382,2.375933024529455,1.2452599793766521,554,1107.1847894307261,580.2911503895199,3
32205.0,1022,1.1252446183953033,2.2884995623586035,1.3066257611445227,1150,2338.846552730493,1335.371527889702,3
32207.0,664,1.1686746987951808,2.2830204137224914,1.120805700698903,776,1515.9255547117343,744.2149852640715,3
32211.0,832,1.1875,2.228405401002042,1.2250265119183497,988,1854.033293633699,1019.222057916067,3
32223.0,603,1.3134328358208955,2.3202158250171534,1.1712035812897919,792,1399.0901424853434,706.2357595177444,3
32237.0,993,1.1752265861027191,2.282648525857767,1.1820121945363211,1167,2266.669986176763,1173.738109174567,3
32243.0,3399,1.2053545160341277,2.1861931963497754,1.5137930448223973,4097,7430.870674392887,5145.382559351328,3
32244.0,188,1.1382978723404256,2.35138804783777,1.1407902554173677,214,442.0609529935007,214.46856801846513,3
32248.0,417,1.1942446043165467,2.248892365168152,1.1523292624695944,498,937.7881162751193,480.5213024498209,3
32250.0,867,1.146482122260669,2.2208063013481905,1.1536400416647248,994,1925.4390632688812,1000.2059161233165,3
32258.0,747,1.1378848728246318,2.237206490967926,1.6209941002410015,850,1671.1932487530407,1210.8825928800281,3
32262.0,2026,1.2902270483711746,2.2440866506668673,1.2865937952005064,2614,4546.519554251073,2606.639029076226,3
32268.0,709,1.2031029619181945,2.1803489965502276,1.158967526395091,853,1545.8674385541115,821.7079762141194,3
32269.0,978,1.1411042944785277,2.2538766992496324,1.21392732227747,1116,2204.2914118661406,1187.2209211873658,3
32271.0,668,1.1736526946107784,2.2928286716696142,1.1120877846321398,784,1531.6095526753024,742.8746401342694,3
32277.0,246,1.1910569105691058,2.3194163065882076,1.282683884384001,293,570.5764114206991,315.54023555846425,3
32279.0,333,1.1261261261261262,2.239130368202916,1.1065709495507405,375,745.630412611571,368.4881262003966,3
32282.0,403,1.1166253101736974,2.1037568125222523,1.0717417703701297,450,847.8139954464677,431.9119334591623,3
32293.0,623,1.2969502407704654,2.216111598665659,1.0722655905248184,808,1380.6375259687056,668.0214628969619,3
32295.0,880,1.2193181818181817,2.2050505836610435,1.1169016403685557,1073,1940.4445136217182,982.873443524329,3
32406.0,2211,1.540479421076436,2.1937474166453863,0.9272149899567376,3406,4850.375538202949,2050.0723427943467,3
32407.0,635,1.1732283464566928,2.18523731470154,1.3424564934541825,745,1387.6256948354778,852.4598733434059,3
32410.0,2863,1.1498428222144603,2.1250802957603807,1.075943517298132,3292,6084.10488676197,3080.4262900245517,3
32413.0,2318,1.1626402070750648,2.189322130498611,1.1554797104938654,2695,5074.84869849578,2678.4019689247802,3
32414.0,1515,1.1828382838283829,2.1576942233382352,1.1056574305733937,1792,3268.9067483574263,1675.0710073186915,3
32421.0,4241,1.3503890591841547,2.247861633210411,1.3660731091546274,5727,9533.181186445354,5793.516055924775,3
32422.0,3805,1.1566360052562419,2.1342859388720563,1.2362810389585814,4401,8120.957997408174,4704.049353237402,3
32604.0,1535,1.2071661237785016,2.1953815483167767,1.2366929971463285,1853,3369.910676666252,1898.3237506196144,3
33200.0,7616,2.2703518907563027,2.2569104791566095,3.3134086672849232,17291,17188.63020925674,25234.920410041974,3
31002.0,11578,1.8517015028502333,2.16465102036818,1.7401510724413694,21439,25062.32951382279,20147.469116726174,4
31003.0,11264,1.7565696022727273,2.16598767625292,1.668717048528382,19786,24397.685185312894,18796.428834623694,4
31013.0,8706,1.48162186997473,2.134237754590973,1.5742332099308314,12899,18580.67389146901,13705.274325657818,4
31016.0,11557,1.6368434714891409,2.124645575163119,2.563496305158951,18917,24554.528912160167,29626.326798722,4
31018.0,5467,1.3208340954819828,2.1687622199565424,2.287300037289561,7221,11856.623056502418,12504.669303862029,4
31019.0,10900,1.6055045871559632,2.1650054936748497,1.6018980841145043,17500,23598.559881055862,17460.689116848098,4
31022.0,17518,2.177474597556799,2.089979418805803,1.8825230197076248,38145,36612.25945864006,32978.03825923817,4
31027.0,12470,1.6848436246992782,2.1158080897637346,2.3498984754450443,21010,26384.12687935377,29303.2339887997,4
31037.0,14329,2.0445250889803894,2.1401429913251695,1.2293529600363264,29296,30666.108922698353,17615.398564360523,4
31062.0,9819,2.870760769935839,2.2493124937478233,2.1164706660152413,28188,22085.999376109878,20781.625469603652,4
31067.0,4587,1.1931545672552866,2.136347310458725,1.284666318851228,5473,9799.425113074172,5892.764404570583,4
31070.0,4641,1.2529627235509588,2.077165098659648,1.4220867183918005,5815,9640.123222879425,6599.904460056346,4
31073.0,5259,1.3996957596501236,2.1466577887462694,1.404244696376646,7361,11289.273311016632,7384.922858244781,4
31075.0,4713,1.2548270740504985,2.268836130141182,1.3597848475916876,5914,10693.024681355391,6408.665986699623,4
31078.0,4049,1.6295381575697703,2.100720658830175,1.2026195587257016,6598,8505.817947603378,4869.406593280366,4
31088.0,3769,1.2655876890421862,2.197345660005437,1.2393126679757815,4770,8281.795792560491,4670.969445600721,4
31089.0,14660,1.9041609822646657,2.1222018696834253,1.6028110461196416,27915,31111.479409559015,23497.209936113948,4
31093.0,7409,1.3795383992441625,2.1416604153313,1.940628466610627,10221,15867.562017189603,14378.116309118135,4
31094.0,2738,1.2114682249817386,2.208065852928972,1.298524008563588,3317,6045.684305319525,3555.358735447104,4
31095.0,1837,1.1981491562329887,2.270891835569346,1.4651585300247636,2201,4171.628301940888,2691.4962196554907,4
31110.0,20898,2.6318786486745145,2.048040280343979,2.493934432814574,55001,42799.94577862847,52118.24177695897,4
31113.0,21573,2.7945116580911322,2.014460030600931,2.2653341338803767,60286,43457.946240153884,48870.053270201366,4
31128.0,23723,3.5215192007756184,2.0306478586423466,3.8077517549055178,83541,48173.05915057239,90331.2948816236,4
31135.0,22007,2.9185259235697734,2.002916733847373,1.8479169596246972,64228,44078.18856177914,40667.10853046071,4
31208.0,14983,2.1317493158913434,2.132210267630996,2.2731614029883347,31940,31946.906439915216,34058.777300974216,4
31210.0,13256,3.0070911285455644,2.1012378629431843,2.558485000360008,39862,27854.00911117485,33915.27716477227,4
31211.0,11938,2.2716535433070866,2.1773968727577766,2.553694824032136,27119,25993.763866982335,30486.00880929564,4
31219.0,13694,3.935519205491456,2.1898692332373884,2.65364941073784,53893,29988.069279952793,36339.07503064398,4
31220.0,12996,2.4162049861495847,2.134568419918246,2.2357605292035285,31401,27740.851185257525,29055.943837529056,4
31223.0,22730,3.147250329960405,2.0299325367629275,4.140385190694386,71537,46140.36656062134,94110.95538448339,4
31224.0,17056,2.757387429643527,2.117039239223638,2.3059702678048954,47030,36108.22126419837,39330.628887680294,4
31227.0,15166,2.4802848476856125,2.096658309288147,2.5654204985588587,37616,31797.919918664033,38907.16728114365,4
31237.0,22118,3.359254905506827,2.053693141028013,2.3685690890488313,74300,45423.58489325758,52388.011111582055,4
31243.0,17753,3.657804314763702,2.1104829836494146,2.2830481050425453,64937,37467.404408728056,40530.95300882031,4
31248.0,16960,5.849174528301887,2.1547976436295517,2.1144842987368184,99202,36545.368035957195,35861.65370657644,4
31258.0,18660,6.758574490889603,2.102698713195851,1.8348278726326854,126115,39236.35798823458,34237.88810332591,4
31259.0,6539,2.0207982871998778,2.2344767107837615,2.3727206691432268,13214,14611.243211815015,15515.220455527558,4
31267.0,20768,2.84028312788906,2.053261195892734,2.919782999875429,58987,42642.1285163003,60638.05334141291,4
31269.0,19077,3.0428788593594382,2.0971571376898903,1.9693689101227916,58049,40007.46671571004,37569.65069841249,4
31271.0,16721,3.842593146342922,2.1444565135980533,2.776720663767523,64252,35857.45736387305,46429.54621885675,4
31272.0,14169,3.8395087867880586,2.1873611913111386,1.2810828315118965,54402,30992.72071968752,18151.662639692062,4
31276.0,15471,2.688578630987008,2.1098901538837835,2.5978672353721857,41595,32642.11057073602,40191.60399844308,4
31277.0,16338,3.7386461011139676,2.1395345640651477,3.1284956001226516,61082,34955.715707696385,51113.36111480388,4
31278.0,23032,3.2773098298020145,2.029250505731115,1.972985723575268,75483,46737.69764799904,45441.80718538557,4
31285.0,22138,3.1185743969644952,2.049987880793704,2.7130707589783065,69039,45382.63170501102,60061.96046226175,4
31290.0,13826,4.6738029798929555,2.1792640378811634,1.5794368573125204,64620,30130.504587744967,21837.293989202906,4
31295.0,20102,3.2585812356979407,2.076665810890619,1.3348266630691685,65504,41745.13613052322,26832.685581016427,4
31302.0,16096,2.0538643141153083,2.1022500560401216,1.2727477225922912,33059,33837.8169020218,20486.147342845517,4
31309.0,4660,1.2566523605150215,2.186220754994674,1.3624416657722729,5856,10187.78871827518,6348.978162498792,4
31311.0,15936,3.379957329317269,2.031822185893909,2.909176731490732,53863,32379.11835440534,46360.6403930363,4
31313.0,9072,1.4788359788359788,2.1583212842114667,1.339992844139205,13416,19580.290690366426,12156.415082030868,4
31317.0,5047,1.222706558351496,2.1626234229174917,1.26369630619508,6171,10914.760415464581,6377.87525736657,4
31319.0,8694,1.48642742121003,2.1495440952187286,1.3413224307679112,12923,18688.136363831625,11661.45721309622,4
31325.0,18042,2.625429553264605,2.0710623635296006,1.2494987594173956,47368,37366.107162801054,22543.456617408654,4
31327.0,23296,3.1893028846153846,2.0253602402318998,3.744356722214597,74298,47182.79215644234,87228.53420071125,4
31333.0,9316,1.5893087161872048,2.1438025303938373,1.212733608351712,14806,19971.66437314899,11297.826295404548,4
31389.0,797,1.2296110414052697,1.9780376785665708,1.1655127846899656,980,1576.496029817557,928.9136893979025,4
31398.0,454,1.1145374449339207,2.193417687709884,1.1550112421726857,506,995.8116302202873,524.3751039463993,4
31399.0,852,1.147887323943662,2.177739591738205,1.2034923494963947,978,1855.4341321609506,1025.3754817709282,4
31401.0,21923,2.6520549194909457,2.0132419776337773,1.467524872444488,58141,44136.303875665304,32172.54777860051,4
31417.0,13677,1.8150910287343716,2.1037703461788513,1.3284343330289643,24825,28773.267024688146,18168.996372837144,4
31425.0,7585,1.5317073170731708,2.120472868492654,1.3292495374474536,11618,16083.786707516781,10082.357741538935,4
31427.0,1044,1.21455938697318,2.186468972516368,1.3030601786191773,1268,2282.6736073070883,1360.3948264784212,4
31502.0,6893,1.4423328013927172,2.2004043952477144,1.6519576668352425,9942,15167.387496442496,11386.944197495326,4
31503.0,20437,2.682487644957675,2.053527307613681,1.9516274925139847,54822,41967.9375857008,39885.411064508306,4
31505.0,22090,3.436577636939792,2.056549601023307,2.105390455695198,75914,45429.18068660485,46508.075166306924,4
31510.0,4099,1.1912661624786534,2.1507625407603057,1.3570905018929724,4883,8815.975654576494,5562.713967259294,4
31515.0,16467,2.292038622699945,2.1027522779915917,1.2478044880534813,37743,34626.02176168754,20547.596504776677,4
31521.0,3541,1.2199943518780005,2.1773039374408203,1.2504168781410727,4320,7709.833242477945,4427.726165497538,4
31528.0,6264,1.418103448275862,2.139760512625102,1.3063353215384543,8883,13403.459851083639,8182.884454116878,4
31538.0,1577,1.1306277742549145,2.138052274397918,1.1762769784749223,1783,3371.7084367255165,1854.9887950549523,4
31542.0,2778,1.1918646508279338,2.1870317125721166,1.4147318066792471,3311,6075.57409752534,3930.124958954949,4
31607.0,10550,1.5838862559241706,2.1497017641632072,2.163055519466052,16710,22679.353611921837,22820.235730366847,4
31609.0,21186,3.669168318701029,2.0667549986711364,2.9023716879401773,77735,43786.271401846694,61489.646580700595,4
31612.0,19749,2.7143146488429792,2.057881854810779,2.2948195138818392,53605,40641.10875065807,45320.39057965244,4
31616.0,22493,3.1891255057128887,2.0509680498744562,2.1119469651103713,71733,46132.42434582615,47504.023086227586,4
31623.0,26140,7.437337413925019,1.9963960930883407,3.2464577758322313,194412,52185.793873329225,84862.40626025453,4
31625.0,18367,2.7753579789840477,2.1190217952889334,2.750521395608952,50975,38920.07331407184,50518.82647314962,4
31626.0,15595,1.9174094260981083,2.087945424437747,1.3544996075909348,29902,32561.508894106668,21123.421380380627,4
31631.0,18424,2.7166196265740337,2.0761966251948234,2.2465612872738006,50051,38251.84662258942,41390.6451567325,4
31635.0,10599,1.7059156524200396,2.142809399687452,1.9027598432985573,18081,22711.636827287304,20167.35157912141,4
31639.0,20136,2.867103694874851,2.0743521568160332,2.300963328431506,57732,41769.15502964765,46332.1975812968,4
31641.0,21413,3.2303740718255267,2.05250904585396,2.2592961732315158,69172,43950.37619887084,48378.30895740645,4
31645.0,17155,2.215622267560478,2.0790079436290125,1.894525113527606,38009,35665.38127295571,32500.57832256608,4
31646.0,21033,3.692911139637712,2.0698946376557465,2.431058555755431,77673,43536.09391381332,51132.45460320398,4
31652.0,17320,2.420612009237875,2.123809505797889,2.081697224893266,41925,36784.38064041944,36054.99593515137,4
31662.0,22405,3.7751841106895783,2.0498664392658528,2.705622945788959,84583,45927.257571751434,60619.482100401634,4
31665.0,9263,1.4410018352585556,2.1556829219152385,1.462493074055784,13348,19968.090905700854,13547.073344978728,4
31705.0,1663,1.1256764882742032,2.2113699373804745,1.2490463505306189,1872,3677.508205863729,2077.164080932419,4
31713.0,917,1.103598691384951,2.1915104142687776,1.2436000921418748,1012,2009.615049884469,1140.3812844940992,4
31715.0,619,1.0791599353796446,2.189871289429377,1.4462383805042764,668,1355.5303281567844,895.2215575321471,4
31717.0,2016,1.214781746031746,2.209669832165859,1.322236494558704,2449,4454.694381646372,2665.628773030347,4
31723.0,394,1.0888324873096447,2.1530408994169528,1.2710672415537436,429,848.2981143702793,500.800493172175,4
31800.0,1820,1.1082417582417583,2.17595187085331,1.228103110510059,2017,3960.232404953024,2235.1476611283074,4
31804.0,2802,1.1195574589578872,2.120690609479208,1.566618985290337,3137,5942.175087760741,4389.666396783524,4
31807.0,1711,1.1987142022209234,2.236080952795161,1.2229353303150718,2051,3825.93451023252,2092.442350169088,4
31811.0,1422,1.1167369901547117,2.1369014123170267,1.0862485628736889,1588,3038.673808314812,1544.6454564063856,4
31815.0,297,1.1043771043771045,2.0766978800638825,1.3637681074639891,328,616.7792703789731,405.0391279168048,4
31817.0,2001,1.1644177911044478,2.1139927838421952,1.1317087737104778,2330,4230.099560468233,2264.549256194666,4
31819.0,356,1.1067415730337078,2.194198365812356,1.307793463469259,394,781.1346182291987,465.5744729950562,4
31823.0,290,1.0620689655172413,2.081875458810573,1.4587638111299597,308,603.7438830550661,423.0415052276883,4
31825.0,585,1.147008547008547,2.14036095219867,1.485332581823261,671,1252.1111570362218,868.9195603666077,4
31828.0,16823,3.023955299292635,2.0771154195509114,2.751056524918095,50872,34943.31270310498,46281.02391869711,4
31830.0,1088,1.1001838235294117,2.1736057715538197,1.1022780872448932,1197,2364.8830794505557,1199.2785589224438,4
31905.0,5202,1.3146866589773165,2.091938693926538,1.406679989398289,6839,10882.26508580585,7317.549304849899,4
31906.0,2036,1.1890962671905698,2.1988499115089075,1.2555979240180561,2421,4476.858419832136,2556.3973733007624,4
31909.0,3998,1.2913956978489245,2.136505353382012,1.325402959073334,5163,8541.748402821284,5298.96103037519,4
31919.0,6146,1.2759518385942077,2.173452588447144,1.3742880925312138,7842,13358.039608596147,8446.37461669684,4
31921.0,2594,1.1734772552043176,2.15747768327391,1.2577962186867746,3044,5596.4971104125225,3262.7233912734932,4
31924.0,7329,1.409469231818802,2.167391200167572,2.2314672844022274,10330,15884.810106028135,16354.423727383926,4
31926.0,6125,1.312,2.1886563360178704,1.285329521604781,8036,13405.520058109456,7872.643319829284,4
31939.0,11605,1.6824644549763033,2.151756622025709,1.5722352428613122,19525,24971.13559860835,18245.789993405528,4
31949.0,3330,1.1732732732732734,2.173533170755235,1.4504748072224423,3907,7237.865458614932,4830.081108050733,4
31952.0,580,1.1155172413793104,2.217037336595795,1.4201494485551347,647,1285.8816552255612,823.6866801619782,4
31953.0,1374,1.1528384279475983,2.1988285899896285,1.1836383246184066,1584,3021.1904826457494,1626.3190580256908,4
31959.0,9548,1.5573942186845413,2.188074211333062,1.1950774626290632,14870,20891.732569808075,11410.599613182296,4
31961.0,924,1.1341991341991342,2.06525708807469,1.3380471778770744,1048,1908.2975493810136,1236.3555923584167,4
31962.0,1468,1.1737057220708447,2.184445680126181,1.2722535133896617,1723,3206.7662584252334,1867.6681576560234,4
31963.0,2602,1.36010760953113,2.2596725614377076,1.1733143701404405,3539,5879.668004860915,3052.9639911054264,4
31976.0,2916,1.183127572016461,2.1700900705981443,1.158495481598023,3450,6327.982645864189,3378.172824339835,4
31979.0,4539,1.503194536241463,2.1958817352529048,1.3558694467527734,6823,9967.107196312934,6154.291418810839,4
32002.0,6612,1.6743799153055052,2.237155605875494,1.432307931097857,11071,14792.072866048766,9470.42004041903,4
32018.0,472,1.222457627118644,2.2412413201235197,1.1303392339106846,577,1057.8659030983013,533.5201184058432,4
32034.0,2797,1.2087951376474795,2.1812377284896485,1.2715031196110917,3381,6100.921926585546,3556.3942255522234,4
32050.0,1207,1.1632145816072907,2.1515189940145416,1.1806448739247624,1404,2596.8834257755516,1425.0383628271882,4
32054.0,1199,1.225187656380317,2.1738609057603138,1.165940735961709,1469,2606.459226006616,1397.9629424180891,4
32066.0,1159,1.2070750647109578,2.212807907640109,1.3406349882033257,1399,2564.6443649548864,1553.7959513276544,4
32080.0,881,1.2406356413166857,2.3932974233399795,1.1841653046270442,1093,2108.495029962522,1043.249633376426,4
32085.0,345,1.127536231884058,2.2775460056914683,1.2513532720325005,389,785.7533719635566,431.71687885121264,4
32087.0,231,1.2554112554112553,2.2997305049059533,1.2029696417813107,290,531.2377466332753,277.8859872514828,4
32089.0,396,1.1616161616161615,2.181670227436444,1.4607627801009193,460,863.9414100648319,578.4620609199641,4
32091.0,266,1.1466165413533835,2.2044817416258726,1.2826284610684946,305,586.3921432724821,341.17917064421954,4
32092.0,755,1.1523178807947019,2.263579193029615,1.1897394358995936,870,1709.0022907373593,898.2532741041931,4
32203.0,1503,1.2009314703925482,2.2469669770494067,1.2129502722595955,1805,3377.1913665052584,1823.0642592061722,4
32231.0,4377,1.2529129540781356,2.2263953496075186,1.231522568040424,5484,9744.932445232109,5390.374280312936,4
32234.0,1508,1.2161803713527852,2.2787136665329464,1.207614137793462,1834,3436.3002091316835,1821.0821197925407,4
32242.0,1431,1.2445842068483577,2.210074737157901,1.408257959796336,1781,3162.616948872956,2015.2171404685569,4
32247.0,554,1.1010830324909748,2.2009381555406295,1.1497186404266952,610,1219.3197381695088,636.9441267963891,4
32255.0,885,1.1751412429378532,2.3636443187637077,1.2241690925435322,1040,2091.8252221058815,1083.389646901026,4
32263.0,641,1.1482059282371295,2.185980312417117,1.1626963557925212,736,1401.213380259372,745.288364063006,4
32266.0,477,1.2410901467505242,2.2249261481634726,1.1823222902567943,592,1061.2897726739764,563.9677324524908,4
32272.0,771,1.125810635538262,2.182971633854338,1.1031476205717403,868,1683.0711297016946,850.5268154608118,4
32275.0,350,1.1057142857142856,1.986332339602442,1.2391121480824734,387,695.2163188608547,433.6892518288657,4
32288.0,618,1.192556634304207,2.2965462023525203,1.30328521028528,737,1419.2655530538575,805.4302599563031,4
32289.0,1021,1.1851126346718903,2.3345577417185632,1.4605309002320221,1210,2383.583454294653,1491.2020491368946,4
32296.0,203,1.083743842364532,2.4565430399490125,1.2235789648136455,220,498.6782371096495,248.38652985717005,4
32403.0,4387,1.2719398222019604,2.110670728387806,1.2252352416538161,5580,9259.512485437304,5375.107005135292,4
32404.0,3026,1.1943159286186384,2.11149820840799,1.1900788700962848,3614,6389.393578642578,3601.1786609113574,4
32405.0,655,1.164885496183206,2.1842013841842687,1.2856835509876834,763,1430.6519066406959,842.1227258969326,4
32409.0,742,1.091644204851752,2.1225738527881624,1.4182646544450546,810,1574.9497987688164,1052.3523735982305,4
32418.0,9907,1.6939537700615726,2.1427595594839386,1.295412454398155,16782,21228.31895580738,12833.651185722523,4
32600.0,2641,1.266565694812571,2.172737082270254,1.2359996352545042,3345,5738.19863427574,3264.275036707146,4
32601.0,2254,1.243123336291038,2.2460230914561765,1.3181168710262487,2802,5062.536048142222,2971.0354272931645,4
32603.0,1756,1.2665148063781322,2.216040659274365,1.2838152116974308,2224,3891.3673976857845,2254.3795117406885,4
32608.0,2155,1.211600928074246,2.1650377393731923,1.2403153611451974,2611,4665.65632834923,2672.8796032679,4
30201.0,13589,3.106262418132313,2.1446371582258212,2.7503019417078223,42211,29143.474343130685,37373.853085867595,5
31004.0,6612,1.3439201451905627,2.2422328953296558,1.8102357528783886,8886,14825.643903919683,11969.278798031904,5
31010.0,6814,1.412239506897564,2.226156015291798,1.480534534003297,9623,15169.027088198312,10088.362314698465,5
31015.0,8084,1.5635823849579416,2.222533352653202,1.6211182873497114,12640,17966.959622848484,13105.120234935068,5
31032.0,4909,1.26746791607252,2.200676456156846,1.256410301360213,6222,10803.120723273958,6167.718169377285,5
31034.0,8863,1.4895633532663883,2.1997703401722135,1.517544666090365,13202,19496.564524946327,13449.998375558906,5
31039.0,12768,1.7315162907268171,2.1735285704997693,1.421256648289322,22108,27751.612788141054,18146.604885358065,5
31041.0,6947,2.0017273643299265,2.2754901052424152,1.5352579051596356,13906,15807.82976111906,10665.436667143988,5
31042.0,7637,1.6858714154772816,2.2752362940018083,1.5294046741434928,12875,17375.97957729181,11680.063496433855,5
31049.0,8099,1.415483393011483,2.202045464498204,1.5559886611616838,11464,17834.366216970953,12601.952166748477,5
31052.0,5908,1.356973595125254,2.1861179446459413,1.3538640305566347,8017,12915.584816968221,7998.628692528598,5
31057.0,3170,1.2905362776025238,2.259454659214786,1.3610898479557008,4091,7162.471269710873,4314.654818019571,5
31063.0,2478,1.2062146892655368,2.2679833706632126,1.2443395402444803,2989,5620.062792503441,3083.473380725822,5
31065.0,6461,1.326420058814425,2.190467540463705,1.4696598688853266,8570,14152.610778935996,9495.472412868095,5
31069.0,6007,1.344265024138505,2.18027614907069,1.2228190258438245,8075,13096.918827467634,7345.473888243853,5
31076.0,3630,1.3071625344352618,2.2393872064825198,1.1888195467131677,4745,8128.975559531547,4315.414954568799,5
31081.0,3816,1.2662473794549267,2.249466936098053,1.6863032783280016,4832,8583.965828150169,6434.933310099655,5
31087.0,5850,1.3261538461538462,2.2716692607891593,1.3847065225411168,7758,13289.265175616581,8100.533156865534,5
31102.0,23908,3.8800819809268865,2.0220856041425526,1.7493610521943388,92765,48344.02262384015,41823.72403586225,5
31106.0,14638,2.1632053559229405,2.137526798114833,1.728303384434564,31665,31289.11727080493,25298.90494135315,5
31107.0,24281,3.7264527820106257,2.01478379411792,1.3557727943179623,90482,48920.96530497722,32919.519218834444,5
31112.0,10985,2.1372781065088757,2.2187526353838987,2.3059389863815847,23478,24372.99769969213,25330.739765401708,5
31114.0,24362,3.9756588129053445,2.0277391930613726,2.1619565441663666,96855,49399.782221361165,52669.58532898102,5
31115.0,20373,2.6523339714327787,2.066165043502243,2.157493400497245,54036,42093.98043127119,43954.61304833037,5
31118.0,20019,2.6713622059043907,2.093235485846365,2.0870493393987335,53478,41904.48119115838,41780.64072542325,5
31123.0,19607,2.340847656449227,2.032443550057647,1.6747563240463748,45897,39850.12068598029,32836.94724557727,5
31124.0,24799,4.516069196338562,2.033050425784164,1.8883310556266668,111994,50417.61750902148,46828.72184848571,5
31138.0,6617,1.4638053498564305,2.1560045305420226,1.7271440979660562,9686,14266.281978596564,11428.512496241394,5
31203.0,26755,3.9982433190057933,1.978410411185146,2.1711479326184993,106973,52932.37055125858,58089.06293720795,5
31229.0,27895,6.427603513174404,1.978256882054686,3.6995936620208294,179298,55183.475724915465,103200.16520207103,5
31232.0,21442,3.546590803096726,2.0806642541327762,3.6057554915941705,76046,44613.602937114985,77314.60925076221,5
31239.0,17926,2.6484436014727213,2.1089516094370944,2.653305060575675,47476,37805.066550769356,47563.146515879554,5
31244.0,16442,2.5752341564286585,2.1458585165475283,2.3270326404804065,42342,35282.20572907446,38261.07067477884,5
31249.0,15348,4.801211884284597,2.1876729009043583,1.6633240735970594,73689,33576.40368308009,25528.697881567667,5
31250.0,16038,2.6579373986781394,2.138045173218338,2.9590176990073918,42628,34289.968488075705,47456.72585668055,5
31251.0,21577,2.6103258098901607,2.041163424231184,2.391796246954598,56323,44042.183204636254,51607.78762053936,5
31252.0,12306,2.5015439622948157,2.191800578587135,2.914080843103814,30784,26972.297920093282,35860.678855235536,5
31257.0,21779,3.3143395013545156,2.0785778185875996,2.780298522235093,72183,45269.34631101933,60552.121515758095,5
31274.0,15375,2.3044552845528457,2.155671870620197,2.9453615160886732,35431,33143.45501078553,45284.93330986335,5
31283.0,19050,2.5513385826771655,2.090557253559233,2.312073828235784,48603,39825.115680303395,44045.00642789168,5
31289.0,17422,5.472735621627827,2.1357510659397825,2.2976519393310917,95346,37209.05507080289,40029.69208702628,5
31328.0,18891,3.0044465618548517,2.112448432846965,2.108756880617662,56757,39906.26334491202,39836.52623174825,5
31330.0,25073,3.7913293183903005,2.018906236885457,3.168304022463058,95060,50620.03607742906,79438.88675521626,5
31335.0,6266,2.280721353335461,2.1743991046227067,2.487136880465777,14291,13624.78478956588,15584.39969299856,5
31338.0,7969,2.068139038775254,2.139160702718787,1.4039136934566607,16481,17046.971639966014,11187.788223156129,5
31380.0,411,1.2506082725060828,2.3540517682329725,1.185017972357141,514,967.5152767437518,487.042386638785,5
31383.0,330,1.1757575757575758,2.2327478183570624,1.2085506967672865,388,736.8067800578306,398.82172993320455,5
31392.0,6468,1.6122448979591837,2.1115121678185624,1.2956312947696922,10428,13657.260701450461,8380.14321457037,5
31393.0,7394,1.8680010819583446,2.153262294650816,1.2225045687136333,13812,15921.221406648134,9039.198781068604,5
31396.0,534,1.1891385767790261,2.3092144741155676,1.2387384719415808,635,1233.120529177713,661.4863440168042,5
31403.0,8619,1.4580577793247476,2.21033409284501,1.3411537996834137,12567,19050.86954623114,11559.404599471343,5
31407.0,11280,1.6428191489361703,2.1480329817810744,1.3247710386618474,18531,24229.81203449052,14943.417316105639,5
31408.0,14097,2.000780307866922,2.1635585595138345,1.3781432726485217,28205,30499.685013466526,19427.68571452621,5
31412.0,6782,1.3653789442642288,2.1831054005919572,1.2187321264261022,9260,14805.820826814655,8265.441281421825,5
31420.0,6642,1.4247214694369166,2.237304822880931,1.4110492902649254,9463,14860.178633575144,9372.189385939635,5
31422.0,3065,1.2365415986949428,2.2331469797109293,1.142238910640058,3790,6844.595492813999,3500.9622611117775,5
31423.0,6899,1.3430932019133208,2.183844650275041,1.361872667191984,9266,15066.344242247507,9395.559530957498,5
31426.0,9980,1.979559118236473,2.151166859305728,2.0519716073307457,19756,21468.645255871164,20478.67664116084,5
31509.0,20218,2.629290731031754,2.083184995979915,2.3875028226900765,53159,42117.83424872192,48270.532069147965,5
31512.0,11372,1.7399753781217024,2.1512860064424864,2.7619921575268442,19787,24464.424465263957,31409.374815395273,5
31513.0,9957,1.503665762779954,2.1284076799212484,1.9572019485040002,14972,21192.55526897587,19487.85980125433,5
31519.0,18869,2.390375748582331,2.103077397206368,2.1546071704084664,45104,39682.96740788696,40655.28269843735,5
31522.0,14648,1.8074822501365375,2.1158690351153124,2.3106891964265706,26476,30993.2496263691,33846.975349256405,5
31527.0,17542,2.123589100444647,2.10165793717099,1.8494934210579308,37252,36867.28353385351,32443.81359219822,5
31529.0,12878,1.7505823885696536,2.140570269732972,1.634550097111591,22544,27566.26393362121,21049.73615060307,5
31539.0,924,1.1331168831168832,2.281860025343468,1.1804445608123064,1047,2108.4386634173648,1090.730774190571,5
31544.0,990,1.1171717171717173,2.1143689621363504,1.0931247106040527,1106,2093.225272514987,1082.193463498012,5
31546.0,1287,1.1647241647241646,2.16230713617409,1.3122187576328594,1499,2782.8892842560535,1688.82554107349,5
31602.0,23129,3.5354317091097758,2.045920644719487,1.9141429972344757,81771,47320.09859171701,44272.213383036185,5
31603.0,25631,5.534821115055987,2.0251813820541096,2.3624771642349813,141863,51907.42400342888,60552.65219650681,5
31605.0,17086,2.322778883296266,2.1519941614726132,3.0409072018120806,39687,36768.97224292107,51956.94045016121,5
31608.0,13936,1.8126435132032146,2.157246542449067,2.4108595636393324,25261,30063.3878155702,33597.73887887774,5
31618.0,19377,2.668163286370439,2.1117057789068485,1.801949318791531,51701,40918.52287787801,34916.371950223496,5
31619.0,20330,3.123807181505165,2.091911217544692,2.3830949405811768,63507,42528.555052683594,48448.32014201532,5
31620.0,16738,2.4916357987812163,2.117621991820315,3.1623908995146994,41705,35444.75689908843,52932.09887607704,5
31630.0,15021,1.9934092270820851,2.146029524086141,2.0608853584699003,29943,32235.509481297926,30956.55896957637,5
31637.0,12767,1.8673924962794706,2.17146757908626,2.304306606473119,23841,27723.126582194283,29419.082444842308,5
31644.0,14252,1.9141874824586023,2.185271089323436,1.8293913124614434,27281,31144.48356503761,26072.48498520049,5
31650.0,19445,2.807611211108254,2.0985175382069996,1.996202669714409,54594,40805.67353043511,38816.160912596686,5
31666.0,20340,2.916322517207473,2.094977268630065,1.9528986454867707,59318,42611.83764393552,39721.958449200916,5
31671.0,988,1.075910931174089,2.1735648687858036,1.240108505522586,1063,2147.482090360374,1225.227203456315,5
31674.0,13234,2.1419827716487836,2.1068628753294387,2.2400770470339877,28347,27882.22329210979,29645.179640447794,5
31676.0,8681,1.657643128671812,2.1608927698627345,2.225485697499333,14390,18758.710135178397,19319.44133999171,5
31706.0,1015,1.09064039408867,2.1657738540955167,1.1988650426605107,1107,2198.2604619069493,1216.8480183004185,5
31707.0,4442,1.2093651508329581,2.1625824149835227,1.4476947619892369,5372,9606.191087356807,6430.66013275619,5
31708.0,4514,1.3502436863092602,2.248821709269991,1.5726831759452804,6095,10151.18119564474,7099.091856216995,5
31710.0,1353,1.1079083518107908,2.1833161779123875,1.2469767409449355,1499,2954.02678871546,1687.1595304984978,5
31802.0,4568,1.2545971978984238,2.251022942524568,1.8058592523881538,5731,10282.672801452227,8249.165064909086,5
31813.0,1068,1.0936329588014981,2.204949802266941,1.4042975819610426,1168,2354.886388821093,1499.7898175343935,5
31814.0,686,1.1268221574344024,2.261277396655831,1.417230721103992,773,1551.2362941059,972.2202746773386,5
31820.0,3687,1.4781665310550582,2.287918383351821,1.825702954483552,5450,8435.555079418164,6731.366793180856,5
31822.0,890,1.0910112359550561,2.1525916311582796,1.5783362096902955,971,1915.806551730869,1404.719226624363,5
31831.0,778,1.1208226221079691,2.2255773677197146,1.126282926970128,872,1731.499192085938,876.2481171827595,5
31901.0,1212,1.1221122112211221,2.1785319375422754,1.1659063073783928,1360,2640.3807083012375,1413.078444542612,5
31902.0,3639,1.3242649079417423,2.1947776430057453,1.3206722474124573,4819,7986.795842897907,4805.926308333932,5
31903.0,4355,1.3676234213547647,2.2405843912186194,1.738978872248051,5956,9757.745023757088,7573.252988640263,5
31907.0,3880,1.3283505154639175,2.2383938106344745,1.2819522810548478,5154,8684.967985261761,4973.974850492809,5
31918.0,5314,1.6198720361309749,2.3139630973909475,1.2566561936542657,8608,12296.399899535496,6677.871013078768,5
31927.0,1147,1.1970357454228422,2.2641930053699983,1.2676653187830391,1373,2597.0293771593883,1454.0121206441459,5
31928.0,2589,1.2058709926612592,2.278093659567025,1.4491399630914796,3122,5897.984484619028,3751.8233644438405,5
31930.0,1913,1.2451646628332462,2.2848827871628195,1.4743232101398374,2382,4370.980771842474,2820.380300997509,5
31931.0,5490,1.3939890710382514,2.2656016838552984,1.5696785287393602,7653,12438.153244365587,8617.535122779087,5
31936.0,3983,1.4227968867687673,2.29572643858368,1.891367103819698,5667,9143.878404878798,7533.315174513857,5
31937.0,8063,1.5423539625449585,2.2190635408419705,1.7776639151616147,12436,17892.30932980881,14333.3041479481,5
31938.0,5443,1.3352930369281646,2.204169394702331,1.5441740796272307,7268,11997.294015364787,8404.939515411017,5
31943.0,1181,1.136325148179509,2.173737585754551,1.4132024125405878,1342,2567.184088776125,1668.992049210434,5
31946.0,1310,1.1557251908396946,2.1707487228626743,1.3442363735378853,1514,2843.6808269501034,1760.9496493346296,5
31950.0,6446,1.4391870927707104,2.246096559245539,1.790771750724676,9277,14478.338420896744,11543.314705171262,5
31951.0,3149,1.1730708161321055,2.1529846851848577,1.3276472985686014,3694,6779.748773647118,4180.761343192526,5
31956.0,2820,1.2900709219858155,2.181067519926047,1.1385790396634778,3638,6150.610406191453,3210.7928918510074,5
31958.0,1815,1.2286501377410468,2.2440382289265495,1.419668763860864,2230,4072.929385501687,2576.698806407468,5
31968.0,6974,1.540292515055922,2.2437613320673857,1.5551868442336598,10742,15647.991529837947,10845.873051685543,5
32009.0,538,1.0855018587360594,2.3023678320503365,1.1067265974983829,584,1238.673893643081,595.41890945413,5
32014.0,7898,1.3876930868574322,2.1871044038702796,1.4263850399633875,10960,17273.75058176747,11265.589045630835,5
32021.0,2866,1.3611304954640615,2.2881097372389334,1.5374011188991403,3901,6557.722506926783,4406.191606764936,5
32028.0,1865,1.239142091152815,2.2609071470194864,1.2128551323222783,2311,4216.591829191342,2261.974821781049,5
32032.0,821,1.1607795371498173,2.256668077895729,1.4290645970242137,953,1852.7244919523935,1173.2620341568795,5
32037.0,1764,1.1366213151927438,2.1682022419718323,1.058451102614546,2005,3824.708754838312,1867.1077450120592,5
32046.0,6072,1.5238801054018445,2.2715551818213116,1.2978081197718172,9253,13792.883064019004,7880.290903254474,5
32048.0,7248,1.390176600441501,2.1758120845571587,1.2975726436059565,10076,15770.285988870286,9404.806520855973,5
32053.0,4011,1.2403390675641985,2.2418355289855896,1.3228275549610713,4975,8992.0023067612,5305.861322948857,5
32055.0,7374,1.4555193924599945,2.205706620393022,1.5169757312973373,10733,16264.880618778145,11186.179042586566,5
32059.0,893,1.1634938409854423,2.2461294526104507,1.3352893523171276,1039,2005.7936011811325,1192.413391619195,5
32061.0,1545,1.1462783171521036,2.186759357322025,1.2273459547006849,1771,3378.543207062529,1896.249500012558,5
32067.0,1261,1.1792228390166535,2.4206391734787243,1.2079590553998247,1487,3052.425997756671,1523.236368859179,5
32075.0,2767,1.1731116732923743,2.3134027769765892,1.2738808625267335,3246,6401.185483894223,3524.8283466114717,5
32076.0,1649,1.2067919951485748,2.2366051103199247,1.2074567834670573,1990,3688.161826917556,1991.0962359371774,5
32079.0,1250,1.1512,2.4919889078815713,1.2014245023693835,1439,3114.986134851964,1501.7806279617294,5
32083.0,1002,1.2065868263473054,2.3047864298870437,1.24663608751486,1209,2309.396002746818,1249.1293596898897,5
32090.0,264,1.1590909090909092,2.2535167881834717,1.187101293369677,306,594.9284320804366,313.39474144959473,5
32093.0,274,1.197080291970803,2.257308004689655,1.1874825173472296,328,618.5023932849655,325.3702097531409,5
32201.0,908,1.196035242290749,2.2882243570957486,1.2177352697145403,1086,2077.7077162429396,1105.7036249008027,5
32213.0,1626,1.2761377613776137,2.3191972187445686,1.550205579261546,2075,3771.0146776786687,2520.6342718792735,5
32214.0,1947,1.3775038520801233,2.3597938699038297,1.7153082951509486,2682,4594.518664702757,3339.705250658897,5
32218.0,1128,1.1409574468085106,2.2919621946833755,1.225551023862826,1287,2585.3333556028474,1382.4215549172677,5
32221.0,599,1.1619365609348915,2.3353123371240363,1.1763791944959199,696,1398.8520899372977,704.651137503056,5
32225.0,802,1.0922693266832917,2.278309662967811,1.1271025646228696,876,1827.2043497001846,903.9362568275415,5
32235.0,1849,1.2395889670091942,2.2354332797463705,1.2469873520726058,2292,4133.316134251039,2305.679613982248,5
32238.0,766,1.0600522193211488,2.030224899248923,1.1277705339673394,812,1555.152272824675,863.872229018982,5
32239.0,338,1.3402366863905326,2.26553848207255,1.2007266970597201,453,765.7520069405219,405.84562360618537,5
32241.0,374,1.2032085561497325,2.2633066785139246,1.13912708269254,450,846.4766977642078,426.03352892700997,5
32256.0,242,1.43801652892562,2.3882468088488413,1.430533560621182,348,577.9557277414197,346.189121670326,5
32260.0,2139,1.1921458625525947,2.0986632857369543,1.2636399741825683,2550,4489.040768191345,2702.9259047765136,5
32261.0,683,1.2240117130307466,2.0623036330693023,1.1733968898047689,836,1408.5533813863335,801.4300757366572,5
32265.0,1169,1.260906757912746,2.251045042739643,1.3057253512973492,1474,2631.4716549626423,1526.3929356666013,5
32276.0,308,1.2435064935064934,2.168453461776912,1.252949957347093,383,667.8836662272888,385.90858686290466,5
32283.0,224,1.1294642857142858,2.1508912864129237,1.153581232469769,253,481.7996481564949,258.40219607322825,5
32400.0,463,1.1403887688984882,2.480725849309701,1.246111709035965,528,1148.5760682303915,576.9497212836518,5
32402.0,4227,1.3023420865862314,2.2489593341660936,1.5802372405337461,5505,9506.351105520078,6679.662815736145,5
32408.0,3278,1.1461256863941427,2.10300071882214,1.2970947286003176,3757,6893.636356298974,4251.8765203518415,5
32411.0,1528,1.212041884816754,2.1652415025245864,1.4294530733748807,1852,3308.4890158575677,2184.2042961168177,5
32412.0,2726,1.1577402787967719,2.108517821789604,1.4357895465330162,3156,5747.81958219846,3913.962303849002,5
32417.0,1450,1.1220689655172413,2.154395441533555,1.201979084511027,1627,3123.873390223655,1742.869672540989,5
32425.0,571,1.299474605954466,2.2361921272942653,1.574225936794108,742,1276.8657046850255,898.8830099094357,5
32606.0,3069,1.1808406647116325,2.255033003747251,1.2653814965448114,3624,6920.696288500313,3883.455812896026,5
