city_slug,country,n_stations,M_mean,M_std,I_mean,I_std,T_mean,T_std,D_mean,D_std
world_ae_careem_bike,AE,225,0.38666666666666666,0.8381527307120104,1.1422222222222222,1.8938916011285853,3.4057418611461165,1.8826837019411966,7.022222222222222,7.043515536371812
world_ar_bike_nordelta,AR,21,0.0,0.0,0.0,0.0,1.1739796411573515,0.28435961783533636,4.095238095238095,2.0953463175513947
world_ar_ecobici,AR,392,0.49489795918367346,0.9018165752197577,3.568877551020408,3.596723539592947,4.467586594052068,2.6990680638798437,7.622448979591836,3.788568904641481
world_ar_mibicitubici,AR,99,0.06060606060606061,0.23982058847557647,0.6363636363636364,1.9296533761620454,3.2181655770379267,2.7301372125905883,3.9797979797979797,1.9793824948231213
world_at_city_bike_linz,AT,50,1.72,2.2409910344145803,23.22,19.99825502591745,3.245875738298245,1.8605163567684315,18.64,8.606499679584836
world_at_nextbike_klagenfurt_austria,AT,50,0.14,0.3505098327538656,10.28,8.910072264303025,3.103070663315393,1.5548976140816824,7.04,6.236691954122173
world_at_stadtrad_innsbruck_austria,AT,55,2.8727272727272726,2.5966826804137892,14.963636363636363,13.460454612821902,3.1625865707029437,1.4715357312742967,11.89090909090909,7.319868262507965
world_at_vvt_regiorad_tirol,AT,21,0.09523809523809523,0.30079260375911915,5.809523809523809,5.036060440652471,7.2539354258981295,3.029429299182454,8.285714285714286,3.0355041944108256
world_be_blue_bike,BE,276,0.7789855072463768,1.4314876126756186,14.007246376811594,13.182355356825395,6.105633493656313,6.688944346618568,0.6521739130434783,1.3811835447143597
world_be_li_bia_velo,BE,27,0.14814814814814814,0.3620139928982457,10.185185185185185,8.580106853544052,4.2700835628034675,2.5091557873902417,9.037037037037036,3.956314149864954
world_be_velo_antwerpen,BE,321,2.641744548286604,3.3493472419324486,15.358255451713395,12.681901550912642,1.9976118154725655,1.0662208350842663,18.98442367601246,11.98995961711038
world_be_villo,BE,348,2.413793103448276,2.4731490578907613,7.632183908045977,8.692459142110586,8.607392187514774,4.534890136263086,10.408045977011493,5.338689590660844
world_br_bike_brasilia,BR,70,0.22857142857142856,0.7833674720546494,3.0428571428571427,4.308521096300572,12.11864732426302,4.679290005770717,5.571428571428571,2.458769744047683
world_br_bike_est_cio,BR,51,0.0392156862745098,0.28005601680560194,7.235294117647059,8.769465742664414,7.0181686836207176,4.587310158994085,6.784313725490196,4.91655865617485
world_br_bike_ita_pernambuco,BR,90,0.011111111111111112,0.10540925533894599,0.9666666666666667,1.2847419187341902,3.0761613691971776,1.430764747028844,7.644444444444445,5.195743960769012
world_br_bike_ita_rio,BR,406,0.5665024630541872,1.2897549135517785,2.251231527093596,3.4727775144373076,6.470369533140017,4.340260318321664,16.142857142857142,7.394978991566798
world_br_bike_ita_salvador,BR,74,0.04054054054054054,0.19856948607402855,1.3108108108108107,1.7195545431101744,9.801462445130095,7.36012834100814,3.4324324324324325,1.7910055420172402
world_br_bike_ita_sampa,BR,240,0.25416666666666665,0.5392379301641851,3.7625,5.59866335661943,6.845606135361424,4.619624499529669,16.091666666666665,11.237263051678024
world_br_bike_porto_alegre,BR,90,0.022222222222222223,0.1482313540789697,5.466666666666667,6.009729938406906,6.883760227581894,4.159362069746048,9.955555555555556,5.4026857888307696
world_ca_bike_share_toronto,CA,1033,2.2749273959341725,2.8857308365141767,5.242013552758954,6.251937421557574,5.5561078834131425,4.111590741955653,24.61568247821878,25.867664595997454
world_ca_bixi_montr_al,CA,1057,0.27625354777672656,0.6164828483577741,11.049195837275308,11.939455924820871,4.518362817675837,4.062241612105886,23.68211920529801,22.818644192358217
world_ca_mobi_bike_share,CA,263,0.22433460076045628,0.598229763090297,21.980988593155892,20.752347879948516,7.883792845612396,4.737413265996837,20.94296577946768,10.424601057168307
world_ca_v_lo,CA,225,0.013333333333333334,0.11495340671022204,3.5244444444444443,4.04556390402961,10.587874030075177,11.05552701801824,12.746666666666666,8.210555053448841
world_ch_velospot,CH,1634,1.9106487148102815,3.008149241132712,4.7105263157894735,6.947272279782595,13.3385522609014,20.11831721110353,22.268053855569157,26.490851491490208
world_cl_bike_ita_santiago,CL,200,0.245,0.44266779176866566,1.295,2.292214263797296,7.598781610950118,5.108207803516401,11.73,6.186149223148055
world_co_bogot,CO,194,0.005154639175257732,0.0717958158617738,3.7010309278350517,4.630748657460496,4.124986162981313,2.9386392255576097,20.54639175257732,8.343680700894591
world_cz_nextbike_bene_ov,CZ,26,0.07692307692307693,0.271746488194703,1.1923076923076923,2.3497954084427137,7.235317997093669,3.604133796097164,13.153846153846153,5.773680335399996
world_cz_nextbike_berounsko,CZ,29,0.13793103448275862,0.3509312031717982,3.4827586206896552,5.2278149604862385,15.804032745800136,11.103062512080419,3.586206896551724,3.1226961951322765
world_cz_nextbike_esk_t_ebov,CZ,26,0.038461538461538464,0.19611613513818402,1.1153846153846154,2.046009248794796,7.8708873458413295,3.6812902201046045,8.461538461538462,4.071665695813144
world_cz_nextbike_kl_terec_nad_oh,CZ,22,0.13636363636363635,0.3512500866571044,3.0454545454545454,5.4377627816284955,9.180879953169905,3.6917653041576433,9.454545454545455,4.0441288746747865
world_cz_nextbike_liberec,CZ,51,1.9803921568627452,2.167857892745107,2.2549019607843137,3.637818781934592,9.933693993248388,6.065060438402151,13.607843137254902,8.72027162735783
world_cz_nextbike_olbramovicevotice,CZ,20,0.1,0.30779350562554625,0.1,0.44721359549995787,12.961238005470886,3.571570399924665,5.9,3.6113855046447054
world_cz_nextbike_praha,CZ,1489,2.7347212894560107,2.4191517037901997,4.422431161853593,7.254183572293552,5.417030632970633,5.683818234752593,75.10275352585629,46.95587667131922
world_cz_nextbike_umperk,CZ,20,0.05,0.22360679774997894,3.1,4.27846504694087,4.155558158936296,1.4879644830573,10.0,3.8797721039962343
world_cz_nextbike_vrchlab,CZ,25,0.12,0.33166247903553997,4.16,7.133722730804724,16.594253088735005,15.379002339059607,4.16,3.158058475287203
world_de_bre_bike,DE,108,1.9537037037037037,1.7845874900152314,12.287037037037036,9.180486137359045,3.062071407720745,2.612553481014208,4.018518518518518,3.5229063020094604
world_de_die_gr_ne_flotte,DE,279,2.053763440860215,2.3415188672545395,15.451612903225806,14.982135257885917,6.062798618992459,9.414440526870429,11.412186379928315,8.709871718138709
world_de_frelo,DE,161,1.6645962732919255,2.227510099244451,15.031055900621118,16.570086888821844,9.861905285569833,12.181213682934683,5.180124223602484,5.4884972883724785
world_de_moin_mobil_achim,DE,35,0.2857142857142857,0.5185629788417315,5.114285714285714,6.018459000400003,3.717724784802024,2.078519586688381,2.0,1.7320508075688772
world_de_movemix_bike,DE,89,3.831460674157303,2.581560288663444,7.865168539325842,8.54159742782338,4.717524687173398,2.045009206208297,14.292134831460674,10.859853346564428
world_de_naturenergie_sharing,DE,318,1.0660377358490567,1.8386090679002984,11.11320754716981,14.474814909034057,13.089595315418991,23.619544709583042,4.2578616352201255,4.730882280081298
world_de_nextbike_berlin,DE,1456,1.4423076923076923,1.9359421631888347,13.746565934065934,13.98328611609533,2.620956154055544,1.4476945409057165,25.343406593406595,19.442050588031034
world_de_nextbike_gie_en,DE,64,0.125,0.3333333333333333,7.859375,8.888850136324256,4.990676009390377,3.4614470550392236,11.5625,7.309213581131911
world_de_nextbike_kassel,DE,65,3.292307692307692,3.116102718757223,11.415384615384616,10.974248703915208,10.36825104613376,6.276617154519946,6.676923076923077,5.4028571501211635
world_de_stadtrad_greifswald,DE,25,0.08,0.27688746209726917,7.32,5.8574738582429875,2.5287802978999325,0.6773648427247384,3.6,2.768874620972692
world_de_swabi_augsburg,DE,527,1.8519924098671727,2.57158182739716,12.299810246679318,10.429614713966952,2.349067354447257,1.6287531162309083,32.891840607210625,25.747266639031604
world_de_usedomrad,DE,98,0.19387755102040816,0.39736667388127356,1.4489795918367347,3.293612840934854,5.120666563760662,3.4533710504805013,2.0816326530612246,1.6970166022172959
world_de_westbike,DE,20,0.25,0.4442616583193193,4.1,4.411706913966163,15.46782277196247,4.1915276319787385,1.4,0.9403246919632544
world_es_ambici,ES,237,0.6371308016877637,1.0184593901715433,8.49367088607595,10.45758999895006,11.248447031272343,6.60580385996211,6.987341772151899,3.3134049933031124
world_es_bicicoru_a,ES,81,0.024691358024691357,0.15614965913950216,5.185185185185185,6.442264957123215,14.331637060661697,6.6836166407856235,10.814814814814815,5.362161670238765
world_es_bicimad,ES,638,0.5862068965517241,0.7292483611207233,2.727272727272727,5.575589521814706,10.069334028155396,5.096480578737314,13.156739811912226,10.168465275437812
world_es_bicing,ES,545,1.1706422018348623,1.3415930193116432,26.607339449541286,22.555893429132894,7.205469409596009,5.0083642851454595,29.779816513761467,12.515694410775536
world_es_bicinrivas,ES,42,0.0,0.0,6.904761904761905,6.599369976616666,10.252997407615373,2.677794208272472,6.571428571428571,2.4107771962368214
world_es_bicipalma,ES,91,0.14285714285714285,0.4364357804719847,2.67032967032967,3.4482038643487845,5.914262229139682,2.8571872492062806,9.824175824175825,6.292135137690909
world_es_bilbao_bizi,ES,48,1.4791666666666667,1.6883780878037613,4.208333333333333,5.214375927381602,17.90585327470861,11.429878806733683,7.208333333333333,3.8368777939457184
world_es_bizi,ES,276,0.40217391304347827,0.8992091386873324,9.192028985507246,9.56752508394329,5.0771704351688625,2.52648943846828,18.420289855072465,8.36817485842242
world_es_bizkaibizi_spain,ES,105,0.49523809523809526,0.9719509476761903,4.6,6.148170459575759,16.15015710668176,8.325946856581924,6.933333333333334,3.417338895720635
world_es_dbizi,ES,70,0.42857142857142855,0.5791405068790082,9.257142857142858,8.963186729958695,14.165885565580496,10.91780757175791,11.771428571428572,6.814671786138716
world_es_ganxeta,ES,24,0.041666666666666664,0.20412414523193154,6.5,7.430840551670304,6.924540812394706,1.9203444992061691,11.166666666666666,4.86036916353039
world_es_moxsi_las_palmas_de_gran_canaria,ES,64,0.0,0.0,1.8125,2.217355782608345,17.79757018539525,11.758317361360367,7.21875,4.300124582912852
world_es_nextbike_bicilog,ES,35,0.02857142857142857,0.16903085094570333,6.428571428571429,7.195937229092678,6.533944662419505,3.3045639126525503,6.4,3.0697767690444047
world_es_nextbike_le_n,ES,51,0.0392156862745098,0.19603921176392136,4.372549019607843,5.366416995775581,6.668200664200456,3.343920139595997,8.431372549019608,4.976966553879117
world_es_sevici,ES,246,0.3617886178861789,0.8731851453113295,14.300813008130081,9.77496590889162,2.5326818817039567,1.1374847504297787,17.991869918699187,9.352939893552056
world_es_tuebici,ES,42,0.23809523809523808,0.8781778199154231,3.8095238095238093,3.8523866231910353,17.02620202718313,4.752803204274142,5.380952380952381,3.035982429914622
world_es_valenbisi,ES,279,0.9498207885304659,1.518823724905582,22.107526881720432,15.275500462023558,3.281065697857405,1.451538008792961,21.032258064516128,7.474346937959896
world_es_valladolid,ES,104,0.04807692307692308,0.2916244323772833,5.163461538461538,5.944909835309756,4.209837104500146,3.6363272861176648,9.923076923076923,6.057479221449896
world_fr_altervelo_libre_service,FR,31,0.0,0.0,1.4516129032258065,4.064797737300257,34.77537829354643,19.298208034912587,1.3548387096774193,1.6642993940749606
world_fr_auxr_m_le_v_lo,FR,55,0.03636363636363636,0.1889185954061582,1.7272727272727273,3.5561868126498433,24.084395483459478,13.073187276648452,1.1636363636363636,1.8233428434003092
world_fr_c_v_lo,FR,82,1.0731707317073171,1.376885802708668,5.2317073170731705,4.849077245775876,9.714852619961906,6.105102463158092,8.560975609756097,5.566871943377688
world_fr_caliv_lo,FR,66,0.10606060606060606,0.31027471097463977,2.772727272727273,4.873146052351853,6.765061519138541,7.840094401305561,2.878787878787879,3.288746085645837
world_fr_capcotentin,FR,49,0.0,0.0,6.224489795918367,6.847339222045941,11.884669214375124,9.972647222088826,4.0,3.304037933599835
world_fr_clem,FR,379,0.1741424802110818,0.43188584956339043,0.0,0.0,36.89384786823193,51.329147221898026,2.5118733509234827,5.452220694582722
world_fr_cycl_am,FR,34,0.08823529411764706,0.28790224128123654,2.7058823529411766,5.3965724911657045,8.461715640845812,7.547302399990588,1.2352941176470589,1.4986625053069267
world_fr_cyclovis,FR,28,0.14285714285714285,0.35634832254989923,2.5714285714285716,3.270842811633218,5.090749976109031,3.769072049373179,3.5714285714285716,2.8340335269269543
world_fr_graoulib,FR,56,0.10714285714285714,0.31209389196617965,11.267857142857142,11.735712507212677,7.7070251083598,4.995013482246343,3.7142857142857144,2.8394255866878537
world_fr_idecycle_pau,FR,40,0.05,0.22072142786315221,6.8,7.397851385923153,9.127982983563687,5.9048807844646864,3.8,3.790676822050486
world_fr_impulsyon,FR,31,0.06451612903225806,0.24973103811470743,7.032258064516129,6.519119935327375,6.938934636307823,3.3022556407425347,6.709677419354839,4.188822813051393
world_fr_le_marcel,FR,30,0.03333333333333333,0.18257418583505533,9.166666666666666,9.516168938410447,4.1187977099531485,1.2815018497240795,2.2666666666666666,1.7603552410558054
world_fr_le_v_lo_par_tbm,FR,228,1.6228070175438596,1.8555327476419496,6.37280701754386,6.276770474738554,3.9358524557502115,3.635063531803858,14.140350877192983,11.98925891753787
world_fr_le_v_lo_star,FR,57,0.49122807017543857,0.7349151315808964,11.859649122807017,12.62995107513885,5.923327080792199,3.2798878159042593,9.263157894736842,6.263631750571462
world_fr_lev_lo_marseille,FR,228,1.1929824561403508,1.8649429511769524,8.425438596491228,9.622324550893762,10.582170611501153,6.378663378275294,14.263157894736842,10.059341665411274
world_fr_lib_lo,FR,68,0.029411764705882353,0.1702139334575991,4.735294117647059,5.0949716125901245,8.001653187962004,5.325636596593328,5.676470588235294,4.764424058694014
world_fr_lovelo_libre_service,FR,124,0.7096774193548387,1.1389211379680155,11.379032258064516,14.277501057756414,5.37205866323791,3.240849819698861,13.790322580645162,9.04664892684937
world_fr_montenv_lo,FR,21,0.19047619047619047,0.6015852075182383,2.380952380952381,5.740001659200026,123.08875799051263,69.80589902845364,0.9523809523809523,1.0712698295103096
world_fr_naolib,FR,123,1.6504065040650406,2.1538518292242,15.040650406504065,13.324695656096699,5.385300259095133,2.8896941775974536,21.089430894308943,14.58946854057456
world_fr_nemov_lo,FR,52,0.038461538461538464,0.19418390934515434,4.596153846153846,6.004114979058081,11.542874356540116,8.834010350638604,6.769230769230769,5.396496265698824
world_fr_ogalo_cyclette,FR,22,0.045454545454545456,0.2132007163556105,3.5,3.8141341150540375,11.229745463830216,9.269000999200717,4.545454545454546,3.097268731168413
world_fr_optymo_belfort,FR,32,0.0625,0.24593468841898236,9.34375,8.660661432685895,5.221629649643498,3.1170016696304286,4.875,3.730865159545394
world_fr_rubis_velo,FR,46,0.06521739130434782,0.249637418228338,7.565217391304348,6.946308928450318,3.6643949366128887,2.162722812835645,6.956521739130435,4.961883700276788
world_fr_semo_v_lo,FR,40,0.05,0.22072142786315221,2.8,4.237803010874191,10.36281555905363,13.499099825222382,1.4,1.4815099712360342
world_fr_twisto_v_lolib,FR,76,0.9473684210526315,1.4867838833500562,19.69736842105263,25.1989522199328,8.634505455823462,4.811990552131165,4.447368421052632,4.21551020824164
world_fr_v_l_toulouse,FR,448,0.6495535714285714,1.1604788708337803,10.910714285714286,10.21890477013963,3.9866791590765507,4.503615847467609,21.611607142857142,19.527209241645828
world_fr_v_lhop_strasbourg,FR,39,1.8717948717948718,1.5075160325495915,19.256410256410255,13.42957840917998,2.7617941389091456,0.9985151111999493,1.3846153846153846,1.3691215896060898
world_fr_v_lib_metropole,FR,1511,1.2839179351422898,1.5949421725122985,14.162806088682991,15.65615529043665,5.7180162587209376,5.261510529617203,27.13567174056916,18.12625309289095
world_fr_v_lib_o,FR,26,0.038461538461538464,0.19611613513818402,2.423076923076923,3.035431790346499,12.896252765357307,11.863782330964037,3.923076923076923,3.4400357779892574
world_fr_v_livert,FR,97,0.8969072164948454,1.6862466708793074,1.7628865979381443,2.939576202009854,19.516676982244253,13.011498920170542,3.8350515463917527,3.6818258954489718
world_fr_v_lo2,FR,45,0.2222222222222222,0.4204374825912609,8.577777777777778,6.870519660407093,7.8079204627983625,4.59900436877784,4.4,2.4345990896393452
world_fr_v_lo_fluo_grand_est,FR,52,1.0769230769230769,0.946534522249429,8.48076923076923,12.286594615263377,42.117298832930196,26.31890516709373,0.0,0.0
world_fr_v_lo_modalis,FR,57,0.03508771929824561,0.18563715383027588,1.1929824561403508,2.2235637137200346,21.354789247986325,10.195919738800097,0.42105263157894735,0.7546846176916892
world_fr_v_lo_tanlib,FR,58,0.034482758620689655,0.18405922400991945,3.8793103448275863,4.735374848375569,7.488471683845543,3.2431356029612983,3.4482758620689653,2.4721069484693206
world_fr_v_lo_v,FR,462,1.173160173160173,1.571262522162156,7.954545454545454,8.620719309885823,6.816820302345224,9.408818493103956,22.58008658008658,15.070660525314647
world_fr_v_locit,FR,33,1.1818181818181819,1.4674498597598118,11.848484848484848,9.26053863215179,7.096429252037032,4.1853271666378316,15.93939393939394,6.84625533567162
world_fr_v_locit_mulhouse,FR,62,1.1451612903225807,1.5560224006304928,9.14516129032258,9.451943636001493,4.785884698535274,8.189866864191611,7.354838709677419,6.4986676419940075
world_fr_v_lomagg,FR,52,2.7884615384615383,2.098893625096826,8.538461538461538,6.2291583117626335,6.912863897385043,3.5761745973409007,7.576923076923077,6.027213298932564
world_fr_v_lomoove,FR,28,0.25,0.44095855184409843,2.9285714285714284,3.398568014659196,11.969549253267498,8.076937765113376,1.6428571428571428,1.5919772405381725
world_fr_v_lonecy,FR,80,0.0375,0.19118219820734467,4.25,6.086923107070797,40.592067741703104,30.59009579855953,1.25,1.7466061122624084
world_fr_v_lopop,FR,29,0.41379310344827586,0.8667361346416773,7.689655172413793,7.221512743561333,2.848367895519927,1.2466699875693141,3.4482758620689653,2.8483855940884895
world_fr_v_lostan_lib,FR,39,0.07692307692307693,0.2699527623995085,8.384615384615385,8.68639403294293,4.64847683636017,2.187012267257336,12.0,6.660962471942893
world_fr_v_lozef,FR,46,1.1521739130434783,1.3327897442640602,5.260869565217392,5.5234239888303405,20.339804245650797,10.67542214563263,2.6956521739130435,3.0321944031593238
world_fr_vel_in,FR,80,0.0625,0.2435886759231116,3.5,7.152940441666303,2.2468141331826366,1.8868837750877439,4.45,4.550420762294851
world_fr_velam,FR,46,0.10869565217391304,0.3146963876899777,7.586956521739131,6.780940894911993,6.39915887537298,3.3588861303044433,9.173913043478262,5.160983316410792
world_fr_vertuose,FR,39,0.02564102564102564,0.16012815380508716,1.1538461538461537,2.04602903640534,41.14385905930255,11.151081616905419,0.9230769230769231,1.3838279362279906
world_fr_vilvolt,FR,106,0.08490566037735849,0.2800654524962704,1.9150943396226414,4.535821287586189,14.624811200811147,12.373619833803364,6.490566037735849,7.461961038071207
world_fr_zebullo,FR,66,0.6666666666666666,1.167948014297967,4.924242424242424,6.4314386620260375,5.672019486272731,3.27287421677644,5.121212121212121,4.741032511741433
world_gb_beryl_bcp,GB,400,0.0625,0.2423646044779629,4.1075,7.124453547175717,5.8822167882306395,4.774569818175162,11.69,8.438716124183903
world_gb_beryl_bradford,GB,32,0.25,0.43994134506405985,5.875,6.3892550931357635,12.186886612496554,9.528621452291008,8.3125,5.4856851837745735
world_gb_beryl_brighton,GB,108,0.21296296296296297,0.41131032752816415,7.564814814814815,10.632583625103786,10.65653337535809,7.8302409300055436,10.074074074074074,6.768127205041335
world_gb_beryl_canterbury,GB,25,0.12,0.33166247903553997,6.84,6.249533315909811,5.860394567851844,3.317845609524068,9.76,5.133874430356343
world_gb_beryl_cornwall,GB,109,0.11009174311926606,0.3144498293988573,1.5321100917431192,2.6893783094743826,17.41263890271868,7.628164614904372,4.36697247706422,2.6234715142864635
world_gb_beryl_greater_manchester,GB,286,0.9195804195804196,1.5068851917877808,15.583916083916083,17.230683159826743,2.9356262328349527,1.8590322002364952,28.573426573426573,18.791371484074396
world_gb_beryl_guildford,GB,39,0.1282051282051282,0.3386884284293705,5.9743589743589745,8.676911830851912,7.896521983708153,3.180833562844726,7.641025641025641,4.164304323572575
world_gb_beryl_hereford,GB,73,0.0273972602739726,0.16436770598316272,3.219178082191781,3.500978336846501,4.186913050261185,3.063160166934855,12.493150684931507,8.860215835832344
world_gb_beryl_hertsmere,GB,27,0.1111111111111111,0.32025630761017426,8.11111111111111,8.63950378442105,6.562375689876644,3.854523233177499,9.185185185185185,3.8534403912611452
world_gb_beryl_isle_of_wight,GB,88,0.06818181818181818,0.25350211613320417,1.9659090909090908,3.736889307002546,9.808627277101657,5.495152642000463,6.045454545454546,3.0130333396688647
world_gb_beryl_leeds,GB,94,0.031914893617021274,0.1767160202664313,24.861702127659573,29.60042177257985,9.884894229158137,7.5576304895670265,15.063829787234043,11.250623409860497
world_gb_beryl_norwich,GB,205,0.014634146341463415,0.12037721677505213,8.965853658536586,7.706236644028868,5.118085601229115,3.672517138196438,17.70731707317073,17.87983295755719
world_gb_beryl_plymouth,GB,133,0.06766917293233082,0.2805700021170245,6.120300751879699,9.103810053193149,12.712141274081862,7.348115993487887,9.353383458646617,7.92502317052516
world_gb_beryl_portsmouth,GB,104,0.15384615384615385,0.3625484438800155,10.028846153846153,11.630606367724598,2.7119547426501964,3.1664370857831834,13.076923076923077,9.829312519977407
world_gb_beryl_southampton,GB,105,0.08571428571428572,0.28128433856309726,16.752380952380953,20.52146200762516,5.466941637458373,3.812098224637426,15.295238095238096,10.333779383023247
world_gb_beryl_stevenage,GB,47,0.0851063829787234,0.28205667284696945,11.340425531914894,9.7830301070709,5.814348143219113,3.992513963559175,7.702127659574468,5.7214884564474815
world_gb_beryl_watford,GB,97,0.20618556701030927,0.40666694834084105,7.206185567010309,10.266184523645556,6.392427368452889,4.762742357009557,11.670103092783505,6.27116690610776
world_gb_beryl_west_midlands,GB,257,0.6186770428015564,1.4012136901441805,12.883268482490273,13.093488669002308,5.897129670590489,3.1177744238165706,16.653696498054476,13.233211502622927
world_gb_beryl_weymouth,GB,32,0.15625,0.36890203262847354,3.65625,4.330010616093668,8.265316973615464,4.937496853151309,2.5625,2.3409055319848813
world_gb_beryl_worcester,GB,56,0.16071428571428573,0.3705909636481472,8.875,10.846134627766537,5.523108038208962,4.495605016423782,10.678571428571429,8.699231194572505
world_hr_bajs_zagreb_croatia,HR,201,1.6169154228855722,2.009356224717495,16.00497512437811,18.83255094575289,3.2546986614076947,4.420630193371543,7.7611940298507465,5.279458927500448
world_hr_emobi,HR,26,1.5,1.5033296378372907,2.1538461538461537,2.9757998278420237,2.280246001688055,0.7046256443368083,2.076923076923077,1.8530639907585904
world_ie_beryl_belfast,IE,61,0.14754098360655737,0.40149992004027807,8.819672131147541,9.701388554774537,4.097150694398573,2.776852917215059,10.19672131147541,7.820527842652624
world_ie_dublinbikes,IE,117,1.2393162393162394,1.3998126269290019,11.615384615384615,13.290420554466623,3.041515083246775,1.6610517072717776,24.068376068376068,7.782303638789668
world_it_milan_bikemi,IT,318,4.918238993710692,4.743873423629794,12.424528301886792,15.064916173135941,2.78114669040321,1.0255120156794804,20.534591194968552,10.790684073130173
world_it_verona_bike,IT,40,0.175,0.549475274168981,8.4,7.999358948674799,3.5675928385705147,1.4967593500559382,5.75,3.5282740750568045
world_jp_cyclocity,JP,24,3.7916666666666665,4.0751544827124055,0.20833333333333334,1.0206207261596576,2.926393047909593,1.8990772301477923,10.083333333333334,4.88935548937171
world_jp_docomo_bike_share_service,JP,5907,0.5647536820721178,1.0101065412224035,2.4367699339766378,7.129102315555494,5.002719403800194,7.865154617112667,17.65227695953953,13.10515041120037
world_lt_cyclocity,LT,36,0.05555555555555555,0.2323106841457232,9.083333333333334,7.322665400755969,7.549151978886357,2.3715634287975087,10.0,4.6475800154489
world_lu_vel_oh,LU,146,0.678082191780822,1.174058281504941,12.417808219178083,12.463882634852602,12.730411080453388,11.37865773658186,7.780821917808219,5.676926257543361
world_mc_monabike,MC,59,0.1016949152542373,0.3048411261871976,0.23728813559322035,0.6522899463943576,24.344201853802844,9.709141027009505,28.677966101694917,7.751397377839425
world_mx_ecobici,MX,677,0.2658788774002954,0.6179535347470959,0.6646971935007385,2.092140216333457,2.590484858783684,1.528871944132372,27.893648449039883,10.845358855775528
world_mx_mibici_guadalajara,MX,369,0.01084010840108401,0.10369058757747557,1.8238482384823849,2.8502241213847115,3.624920602383171,1.689708121460316,22.422764227642276,10.377396106296498
world_no_bergen_city_bike,NO,94,1.053191489361702,1.1673609726031182,8.638297872340425,7.63812039006415,0.0,0.0,28.78723404255319,14.909672360639732
world_pl_jask_ka,PL,30,0.0,0.0,6.333333333333333,9.014675136470087,8.310573883573685,2.9517432124196006,5.4,3.0126171460983087
world_pl_koszali_ski_rower_miejski_poland,PL,20,0.1,0.30779350562554625,12.45,11.59616542791534,5.076307190099901,2.1430684621380083,1.4,1.3138933706635725
world_pl_metrorower,PL,944,0.7002118644067796,1.4075090086250521,7.046610169491525,10.21829338882,6.5879735868348055,3.9263415061672866,4.936440677966102,4.6829700313594556
world_pl_mevo,PL,821,0.7442143727161997,1.3934887864244672,10.02801461632156,12.972689684055904,7.467805451425055,6.343713510842166,11.495736906211937,10.465462074749222
world_pl_veturilo_3_0,PL,344,1.941860465116279,2.293886671591669,17.953488372093023,16.073197708881256,3.1405586075684044,2.7048658894209274,6.406976744186046,5.67974849970188
world_pl_wrm_nextbike_poland,PL,263,1.7946768060836502,2.148061923859459,22.03802281368821,21.967847755460962,2.005039007887794,0.9451610099740841,4.813688212927756,4.030357475874046
world_pt_bora,PT,39,0.0,0.0,1.7692307692307692,3.5426836279082825,67.26455767671123,58.22076224475683,1.4871794871794872,1.6681504865820531
world_ro_buzau_velocity,RO,49,0.04081632653061224,0.199914947901746,0.8367346938775511,1.7835701413119673,1.9777554966436819,0.5890613398183003,10.204081632653061,6.592228985191373
world_ro_sibiu_bikecity,RO,57,0.05263157894736842,0.2252817784447915,0.9649122807017544,2.2437604936539475,6.440710156842865,3.877138586145175,6.947368421052632,4.944047837810268
world_ro_slobozia_bike_city,RO,21,0.14285714285714285,0.3585685828003181,0.0,0.0,1.1778147283987095,0.32770427041072747,13.714285714285714,4.232527107330291
world_se_lundahoj,SE,20,0.75,1.118033988749895,34.7,13.247045350806186,5.460381605982888,2.5148470115744592,8.4,2.927186542164947
world_si_bicikelj,SI,87,0.16091954022988506,0.36958692272718324,28.57471264367816,20.138261734128896,3.2978207364641055,1.4822238161612342,6.528735632183908,4.785732381704704
world_si_mbajk,SI,42,0.047619047619047616,0.21554026870452117,33.80952380952381,26.52126445063272,4.429317002181837,2.3173172964826394,11.571428571428571,6.782843698708897
world_si_nomago_bikes_go2go,SI,21,0.19047619047619047,0.6796357567879738,11.238095238095237,9.565065404401382,5.363680442428377,3.3988937490140674,5.619047619047619,4.018410014871435
world_si_nomago_bikes_kolesce,SI,84,0.11904761904761904,0.32578956563800526,5.440476190476191,6.494392744507234,12.932705273538623,21.481836340323852,4.5476190476190474,4.92939244992889
world_si_nomago_bikes_ljubljana_in_medvode,SI,49,0.16326530612244897,0.3734377890799553,27.020408163265305,19.793190954549633,4.185847446473766,4.07905058548045,2.7346938775510203,2.3432128069177587
world_sk_senica_bajk,SK,26,0.038461538461538464,0.19611613513818402,6.115384615384615,5.293973351477494,3.7662377042094253,2.3082616181028897,9.615384615384615,5.8451821054740325
world_tr_aar_bike,TR,118,0.4322033898305085,0.8110225007609516,1.7372881355932204,3.4304517808215578,8.301104236686557,9.26004969310493,3.8813559322033897,4.206566888014569
world_us_bay_wheels,US,628,1.2117834394904459,2.6317994046159363,6.909235668789809,8.545014162566996,8.214305248546575,6.052336713801606,14.305732484076433,10.734084644105518
world_us_bike_chattanooga,US,43,0.0,0.0,2.0930232558139537,2.9180387533603724,5.876756703543135,2.536872924330808,12.511627906976743,7.604422563542674
world_us_biketown,US,274,1.094890510948905,2.034080370831301,22.361313868613138,20.2301075745998,8.031444484264679,8.76993625472337,9.773722627737227,8.247537273208648
world_us_biki,US,134,0.0,0.0,4.268656716417911,4.879239708900295,4.927087212442073,4.523847217038005,21.119402985074625,7.857800851851581
world_us_blue_bikes,US,597,0.2931323283082077,0.5581937591269672,8.291457286432161,12.01378447882371,4.955779425388883,3.344290291298629,13.457286432160805,10.21613416719756
world_us_capital_bike_share,US,831,0.24789410348977137,0.5112397106881138,9.797833935018051,12.030284881857714,7.942092628299576,5.057285077173614,11.116726835138387,10.577976524164391
world_us_capmetro,US,84,0.05952380952380952,0.23802351185830545,8.511904761904763,11.28544648440044,6.606549646415743,3.354145337845266,10.023809523809524,5.961677192806861
world_us_citi_bike,US,2406,0.6408977556109726,0.9833828627866175,3.4925187032418954,5.83107188331458,5.421959088737246,4.18349182674499,30.531172069825438,11.0742187551684
world_us_divvy,US,2001,0.25837081459270367,0.6593262807046191,4.006996501749126,6.599769012964602,1.9999111212651626,2.8293525204176024,15.18840579710145,12.765891488934345
world_us_hibike,US,23,0.0,0.0,0.8260869565217391,2.1458665109936246,10.328655277887957,4.9279086632936275,1.1304347826086956,1.217461883894185
world_us_lyft_scooters_denver,US,119,0.3865546218487395,0.8547895339876933,19.571428571428573,17.393049180816323,5.6097124241458,3.5191534706369363,22.252100840336134,13.312552052827309
world_us_mogo_detroit,US,81,0.5925925925925926,1.1486707293408518,4.679012345679013,5.331104858502192,3.9571314864133273,2.247971147329676,4.1234567901234565,3.519171479373315
world_us_nike_biketown,US,25,0.08,0.27688746209726917,20.72,6.567089664887077,4.576098591607171,1.9866538240350244,17.04,6.541406576570516
world_us_pogoh,US,60,0.16666666666666666,0.41849879681768876,13.1,10.305009477869637,15.772014004272629,11.572889458676272,4.533333333333333,2.9427685953281677
world_us_trinity_metro_bikes,US,57,0.10526315789473684,0.3096201893516238,6.333333333333333,6.1188623281191905,8.329666822353174,4.956289449184672,4.631578947368421,4.2410897308667215
world_us_tugo,US,41,1.4390243902439024,1.7613741863642274,7.7073170731707314,7.086056387155779,5.8882246834328145,2.30304805189728,6.2439024390243905,4.3346308251388495
world_us_we_cycle,US,99,0.0,0.0,3.404040404040404,4.432991324149361,10.755432354723546,12.603266021249567,7.555555555555555,3.725867169908296
